building_floor,building_desc,latitude,longitude,building_type,capacity,mean_density_cnt,max_density_cnt,average_dc_ratio,max_dc_ratio,Residential Building Type,Mechanical Ventilation
1,915 COMMONWEALTH AVENUE,42.3518,-71.1165,Student Support,204,80.63353487686182,353,0.3952624258669697,1.7303921568627452,,Yes
1,33 HARRY AGGANIS WAY,42.3532,-71.1178,Residential,84,79.65136534839925,370,0.948230539861896,4.404761904761905,Large Dormitory-Style,Yes
1,775 COMMONWEALTH AVENUE,42.3509,-71.109,Student Support,534,78.56353344257411,534,0.1471227218025732,1.0,,Yes
2,890 COMMONWEALTH AVENUE,42.3505,-71.1156,Academic,238,73.77037837837838,367,0.3099595730183965,1.5420168067226891,,Yes
1,2 SILBER WAY,42.3497,-71.1009,Academic,87,73.43170503277962,417,0.8440425865836738,4.793103448275862,,Yes
1,1019 COMMONWEALTH AVENUE,42.3523,-71.1214,Residential,50,72.45283836487071,661,1.4490567672974144,13.22,Large Dormitory-Style,Yes
2,595 COMMONWEALTH AVENUE,42.3496,-71.0997,Academic,213,72.19832014018974,645,0.3389592494844589,3.028169014084507,,Yes
1,275 BABCOCK STREET,42.3528,-71.1204,Residential,250,69.18003565062389,715,0.2767201426024955,2.86,Large Dormitory-Style,Yes
1,1010 COMMONWEALTH AVENUE,42.3513,-71.121,Academic,92,62.838983774551664,365,0.6830324323320833,3.967391304347826,,Yes
1,163-179 AMORY STREET,42.3502,-71.1136,Administrative,103,62.57086306323917,411,0.6074841074100891,3.9902912621359214,,Yes
-1,64-86 CUMMINGTON MALL,42.3487,-71.104,Academic,0,59.99750651705769,271,inf,inf,,Yes
1,595 COMMONWEALTH AVENUE,42.3496,-71.0997,Academic,245,59.5925944333996,610,0.2432350793199983,2.489795918367347,,Yes
3,595 COMMONWEALTH AVENUE,42.3496,-71.0997,Academic,269,53.81736927635981,506,0.2000645698005941,1.8810408921933088,,Yes
1,590 COMMONWEALTH AVENUE,42.3484,-71.1002,Research,326,53.01517739495388,481,0.1626232435428033,1.4754601226993864,,Yes
1,1 UNIVERSITY ROAD,42.3512,-71.11,Academic,307,51.58559521265228,351,0.1680312547643396,1.1433224755700326,,Yes
4,595 COMMONWEALTH AVENUE,42.3496,-71.0997,Academic,314,49.82912045395925,415,0.1586914664138829,1.321656050955414,,Yes
4,700 COMMONWEALTH AVENUE,42.3493,-71.104,Residential,353,46.68630952380953,398,0.1322558343450695,1.1274787535410764,Large Dormitory-Style,Partial
1,100 BAY STATE ROAD,42.3498,-71.0979,Student Support,149,45.77516989022478,522,0.307215905303522,3.503355704697986,,Yes
1,765 COMMONWEALTH AVENUE,42.351,-71.1074,Academic,249,42.59518450667365,274,0.1710649980187696,1.1004016064257027,,Yes
4,808 COMMONWEALTH AVENUE,42.3501,-71.1117,Academic,197,42.02561190300415,563,0.2133279792030667,2.8578680203045685,,Yes
2,928 COMMONWEALTH AVENUE,42.3509,-71.1175,Academic,109,41.606437125748506,282,0.3817104323463166,2.5871559633027523,,Yes
1,808 COMMONWEALTH AVENUE,42.3501,-71.1117,Academic,320,40.57100838004329,342,0.1267844011876353,1.06875,,Yes
1,745 - 755 COMMONWEALTH AVENUE,42.3505,-71.1073,Academic,129,40.21941260392581,319,0.3117783922784946,2.4728682170542635,,Partial
1,565 COMMONWEALTH AVENUE,42.3494,-71.0981,Academic,123,39.77710645563801,356,0.323391109395431,2.894308943089431,,Yes
2,765 COMMONWEALTH AVENUE,42.351,-71.1074,Academic,196,38.07496839443742,266,0.1942600428287623,1.3571428571428572,,Yes
1,277 BABCOCK STREET,42.3535,-71.1206,Residential,80,36.04446768250174,209,0.4505558460312717,2.6125,Large Dormitory-Style,Yes
5,871 COMMONWEALTH AVENUE,42.3515,-71.1146,Academic,160,35.82045147196505,282,0.2238778216997815,1.7625,,Yes
1,273 BABCOCK STREET,42.3525,-71.1198,Residential,60,34.12708274498729,209,0.5687847124164549,3.4833333333333334,Large Dormitory-Style,Yes
1,771 COMMONWEALTH AVENUE,42.351,-71.108,Student Support,0,33.57813383600377,288,inf,inf,,Yes
2,33 HARRY AGGANIS WAY,42.3532,-71.1178,Residential,206,32.73106016525079,183,0.1588886415788873,0.8883495145631068,Large Dormitory-Style,Yes
2,675 - 725 COMMONWEALTH AVENUE,42.3502,-71.1046,Research,0,32.68295912492804,320,inf,inf,,Partial
3,771 COMMONWEALTH AVENUE,42.351,-71.108,Student Support,109,32.65491602974055,391,0.2995863855939499,3.5871559633027523,,Yes
1,610 BEACON STREET,42.3497,-71.0945,Residential,110,32.19529514267044,235,0.2926845012970039,2.136363636363636,Large Dormitory-Style,Yes
3,855 COMMONWEALTH AVENUE,42.3514,-71.1139,Academic,189,32.05097935415564,253,0.1695819013447388,1.3386243386243386,,Yes
4,765 COMMONWEALTH AVENUE,42.351,-71.1074,Academic,228,30.904090085425835,227,0.1355442547606396,0.9956140350877192,,Yes
11,700 COMMONWEALTH AVENUE,42.3493,-71.104,Residential,133,30.89797526971772,291,0.2323156035317121,2.18796992481203,Large Dormitory-Style,Partial
1,640 COMMONWEALTH AVENUE,42.3488,-71.1023,Academic,142,30.577269433806023,239,0.2153328833366621,1.6830985915492958,,Yes
-1,675 - 725 COMMONWEALTH AVENUE,42.3502,-71.1046,Research,0,28.565046695615965,371,inf,inf,,Partial
2,855 COMMONWEALTH AVENUE,42.3514,-71.1139,Academic,176,27.828382352941176,175,0.1581158088235294,0.9943181818181818,,Yes
-1,915 COMMONWEALTH AVENUE,42.3518,-71.1165,Student Support,0,27.75879063071045,187,inf,inf,,Yes
3,871 COMMONWEALTH AVENUE,42.3515,-71.1146,Academic,177,27.52616111256888,185,0.1555150345342874,1.0451977401129944,,Yes
1,264-270 BAY STATE ROAD,42.3507,-71.1054,Academic,58,25.806375504640062,337,0.4449375087006907,5.810344827586207,,No
2,871 COMMONWEALTH AVENUE,42.3515,-71.1146,Academic,104,25.67102308710922,202,0.2468367604529732,1.9423076923076923,,Yes
1,928 COMMONWEALTH AVENUE,42.3509,-71.1175,Academic,43,25.57352214720896,181,0.594733073190906,4.209302325581396,,Yes
1,771 COMMONWEALTH AVENUE,42.351,-71.108,Student Support,73,25.448997973429407,309,0.3486164105949234,4.232876712328767,,Yes
-1,855 COMMONWEALTH AVENUE,42.3514,-71.1139,Academic,0,25.086742701684628,163,inf,inf,,Yes
2,590 COMMONWEALTH AVENUE,42.3484,-71.1002,Research,312,25.03154015506844,204,0.0802292953688091,0.6538461538461539,,Yes
2,775 COMMONWEALTH AVENUE,42.3509,-71.109,Student Support,382,24.895999374902328,538,0.0651727732327286,1.4083769633507854,,Yes
1,871 COMMONWEALTH AVENUE,42.3515,-71.1146,Academic,167,24.78191586232016,343,0.1483947057623962,2.053892215568862,,Yes
3,675 - 725 COMMONWEALTH AVENUE,42.3502,-71.1046,Research,0,24.609026337293358,211,inf,inf,,Partial
4,871 COMMONWEALTH AVENUE,42.3515,-71.1146,Academic,115,24.57164984243978,183,0.2136665203690415,1.5913043478260869,,Yes
3,765 COMMONWEALTH AVENUE,42.351,-71.1074,Academic,172,23.853312636703592,143,0.1386820502133929,0.8313953488372093,,Yes
1,855 COMMONWEALTH AVENUE,42.3514,-71.1139,Academic,243,23.835074717531285,155,0.098086727232639,0.6378600823045267,,Yes
1,635 COMMONWEALTH AVENUE,42.3499,-71.102,Research,93,23.79779900834442,296,0.2558903119176819,3.182795698924731,,Yes
6,700 COMMONWEALTH AVENUE,42.3493,-71.104,Residential,133,23.787350362899424,135,0.1788522583676648,1.0150375939849623,Large Dormitory-Style,Partial
1,925 COMMONWEALTH AVENUE,42.3522,-71.1177,Athletic,0,23.7316329985329,146,inf,inf,,Yes
3,915 COMMONWEALTH AVENUE,42.3518,-71.1165,Student Support,120,23.71350393495596,222,0.1976125327912996,1.85,,Yes
1,881 COMMONWEALTH AVENUE,42.3514,-71.1153,Administrative,103,22.904759386567957,153,0.2223763047239607,1.4854368932038835,,Yes
2,640 COMMONWEALTH AVENUE,42.3488,-71.1023,Academic,183,22.721210673989614,196,0.1241596211693421,1.0710382513661203,,Yes
1,3 - 5 CUMMINGTON MALL,42.3487,-71.1013,Research,131,21.88378774222623,143,0.1670518148261544,1.0916030534351144,,
2,915 COMMONWEALTH AVENUE,42.3518,-71.1165,Student Support,210,21.575636206790318,127,0.1027411247942396,0.6047619047619047,,Yes
-1,24 CUMMINGTON MALL,42.3483,-71.1017,Research,0,21.26892916827356,180,inf,inf,,Yes
3,881 COMMONWEALTH AVENUE,42.3514,-71.1153,Administrative,70,20.905563144169875,243,0.2986509020595696,3.4714285714285715,,Yes
4,881 COMMONWEALTH AVENUE,42.3514,-71.1153,Administrative,82,20.676975319871445,148,0.2521582356081883,1.804878048780488,,Yes
8,700 COMMONWEALTH AVENUE,42.3493,-71.104,Residential,133,20.643093528842726,91,0.1552112295401709,0.6842105263157895,Large Dormitory-Style,Partial
2,900 COMMONWEALTH AVENUE,42.3506,-71.1162,Academic,206,20.48556504156369,118,0.0994444904930276,0.5728155339805825,,Yes
3,540 COMMONWEALTH AVENUE,,,Academic,16,20.448388345220323,339,1.2780242715762702,21.1875,,Yes
1,91 BAY STATE ROAD,42.3503,-71.097,Residential,262,20.3574635552353,142,0.0777002425772339,0.5419847328244275,Large Dormitory-Style,Partial
5,765 COMMONWEALTH AVENUE,42.351,-71.1074,Academic,229,19.900283585042537,113,0.0869008016814084,0.4934497816593886,,Yes
1,8 ST. MARY'S STREET,42.3492,-71.1061,Research,136,19.815824031516744,167,0.1457045884670348,1.2279411764705883,,Yes
1,575 COMMONWEALTH AVENUE,42.3495,-71.0987,Residential,60,19.55819339895773,190,0.3259698899826288,3.1666666666666665,Large Dormitory-Style,Yes
3,610 BEACON STREET,42.3497,-71.0945,Residential,105,19.515420995189785,87,0.1858611523351407,0.8285714285714286,Large Dormitory-Style,Yes
-1,745 - 755 COMMONWEALTH AVENUE,42.3505,-71.1073,Academic,0,19.151018496839143,179,inf,inf,,Partial
7,595 COMMONWEALTH AVENUE,42.3496,-71.0997,Academic,224,19.078216060364397,124,0.085170607412341,0.5535714285714286,,Yes
12,700 COMMONWEALTH AVENUE,42.3493,-71.104,Residential,133,19.055944055944057,84,0.1432777748567222,0.631578947368421,Large Dormitory-Style,Partial
-1,111 CUMMINGTON MALL,42.3491,-71.104,Research,0,18.691062523973915,124,inf,inf,,Yes
2,1 UNIVERSITY ROAD,42.3512,-71.11,Academic,117,18.59121087575087,168,0.1588992382542809,1.435897435897436,,Yes
7,700 COMMONWEALTH AVENUE,42.3493,-71.104,Residential,133,18.441151515151518,105,0.1386552745500114,0.7894736842105263,Large Dormitory-Style,Partial
-1,590 COMMONWEALTH AVENUE,42.3484,-71.1002,Research,0,18.099993443052917,164,inf,inf,,Yes
4,675 - 725 COMMONWEALTH AVENUE,42.3502,-71.1046,Research,0,17.445095781429917,156,inf,inf,,Partial
18,700 COMMONWEALTH AVENUE,42.3493,-71.104,Residential,133,17.41311180960934,120,0.1309256527038296,0.9022556390977444,Large Dormitory-Style,Partial
3,640 COMMONWEALTH AVENUE,42.3488,-71.1023,Academic,146,17.340883419535103,142,0.1187731741064048,0.9726027397260274,,Yes
2,25 BUICK STREET,42.3519,-71.1152,Administrative,200,17.340558072487646,175,0.0867027903624382,0.875,,Yes
3,590 COMMONWEALTH AVENUE,42.3484,-71.1002,Research,317,17.324174819420318,197,0.0546503937521145,0.6214511041009464,,Yes
1,675 - 725 COMMONWEALTH AVENUE,42.3502,-71.1046,Research,0,17.142632076462558,173,inf,inf,,Partial
4,590 COMMONWEALTH AVENUE,42.3484,-71.1002,Research,336,17.102079589216945,154,0.050899046396479,0.4583333333333333,,Yes
16,700 COMMONWEALTH AVENUE,42.3493,-71.104,Residential,133,16.771060821859997,90,0.1260982016681202,0.6766917293233082,Large Dormitory-Style,Partial
2,2 SILBER WAY,42.3497,-71.1009,Academic,134,16.44553957558081,105,0.1227279072804538,0.7835820895522388,,Yes
3,808 COMMONWEALTH AVENUE,42.3501,-71.1117,Academic,185,16.386351218446073,237,0.0885748714510598,1.281081081081081,,Yes
10,700 COMMONWEALTH AVENUE,42.3493,-71.104,Residential,133,16.385428601187375,70,0.1231987112871231,0.5263157894736842,Large Dormitory-Style,Partial
1,111 CUMMINGTON MALL,42.3491,-71.104,Research,0,16.2707610931531,125,inf,inf,,Yes
2,888 COMMONWEALTH AVENUE,42.3504,-71.1153,Academic,153,16.010062071218556,83,0.1046409285700559,0.5424836601307189,,Yes
2,881 COMMONWEALTH AVENUE,42.3514,-71.1153,Administrative,91,15.794315155725368,188,0.1735639028101688,2.065934065934066,,Yes
14,700 COMMONWEALTH AVENUE,42.3493,-71.104,Residential,133,15.418695006284995,67,0.1159300376412405,0.5037593984962406,Large Dormitory-Style,Partial
5,1019 COMMONWEALTH AVENUE,42.3523,-71.1214,Residential,57,15.343795341733486,59,0.2691893919602366,1.0350877192982455,Large Dormitory-Style,Yes
1,25 BUICK STREET,42.3519,-71.1152,Administrative,171,15.28018882290239,96,0.0893578293736982,0.5614035087719298,,Yes
1,120 ASHFORD STREET,42.3544,-71.1223,Administrative,319,15.24245950058176,60,0.047782004704018,0.1880877742946708,,Yes
2,635 COMMONWEALTH AVENUE,42.3499,-71.102,Research,92,15.222450504295852,161,0.1654614185249549,1.75,,Yes
3,1019 COMMONWEALTH AVENUE,42.3523,-71.1214,Residential,57,15.221586201702191,66,0.2670453719596876,1.1578947368421053,Large Dormitory-Style,Yes
-1,775 COMMONWEALTH AVENUE,42.3509,-71.109,Student Support,0,15.038701560140916,129,inf,inf,,Yes
4,1019 COMMONWEALTH AVENUE,42.3523,-71.1214,Residential,57,14.998046557056812,73,0.2631236238080142,1.280701754385965,Large Dormitory-Style,Yes
4,855 COMMONWEALTH AVENUE,42.3514,-71.1139,Academic,187,14.958388375165123,85,0.079991381685375,0.4545454545454545,,Yes
1,300 BABCOCK STREET,42.3542,-71.1212,Athletic,244,14.784139289572346,124,0.0605907347933292,0.5081967213114754,,Yes
3,53 BAY STATE ROAD,42.3502,-71.0951,Academic,16,14.735100537407162,82,0.9209437835879476,5.125,,No
1,610 COMMONWEALTH AVENUE,42.349,-71.1015,Research,122,14.669957357322271,154,0.1202455521091989,1.2622950819672132,,Yes
5,610 BEACON STREET,42.3497,-71.0945,Residential,78,14.631613566289824,66,0.187584789311408,0.8461538461538461,Large Dormitory-Style,Yes
2,1019 COMMONWEALTH AVENUE,42.3523,-71.1214,Residential,57,14.555356523748989,83,0.2553571319955963,1.456140350877193,Large Dormitory-Style,Yes
9,610 BEACON STREET,42.3497,-71.0945,Residential,86,14.177307581908394,58,0.1648524137431208,0.6744186046511628,Large Dormitory-Style,Yes
1,100 ASHFORD STREET,42.3546,-71.1236,Athletic,627,13.874281264973646,331,0.0221280402950137,0.5279106858054227,,Yes
9,595 COMMONWEALTH AVENUE,42.3496,-71.0997,Academic,205,13.865262967648654,300,0.0676354291104812,1.4634146341463414,,Yes
6,1019 COMMONWEALTH AVENUE,42.3523,-71.1214,Residential,57,13.84644405201477,60,0.2429200710879784,1.0526315789473684,Large Dormitory-Style,Yes
5,595 COMMONWEALTH AVENUE,42.3496,-71.0997,Academic,241,13.735825040499885,88,0.0569951246493771,0.3651452282157676,,Yes
4,33 HARRY AGGANIS WAY,42.3532,-71.1178,Residential,50,13.464829182562475,56,0.2692965836512495,1.12,Large Dormitory-Style,Yes
1,512 BEACON STREET,42.3509,-71.0903,Residential,44,12.984314174490496,99,0.2950980494202385,2.25,Large Dormitory-Style,No
8,595 COMMONWEALTH AVENUE,42.3496,-71.0997,Academic,197,12.849213117295914,57,0.0652244320674919,0.2893401015228426,,Yes
-1,635 COMMONWEALTH AVENUE,42.3499,-71.102,Research,0,12.760425909494232,61,inf,inf,,Yes
9,700 COMMONWEALTH AVENUE,42.3493,-71.104,Residential,133,12.486826967326277,58,0.0938859170475659,0.4360902255639097,Large Dormitory-Style,Partial
4,610 COMMONWEALTH AVENUE,42.349,-71.1015,Research,134,12.187807068519204,47,0.0909537840934269,0.3507462686567164,,Yes
1,140 BAY STATE ROAD,42.35,-71.0998,Residential,115,12.152629947297717,109,0.1056750430199801,0.9478260869565216,Large Dormitory-Style,Partial
1,24 CUMMINGTON MALL,42.3483,-71.1017,Research,68,12.068626933431874,77,0.1774798078445864,1.1323529411764706,,Yes
5,700 COMMONWEALTH AVENUE,42.3493,-71.104,Residential,133,12.043731931668855,162,0.0905543754260816,1.218045112781955,Large Dormitory-Style,Partial
5,33 HARRY AGGANIS WAY,42.3532,-71.1178,Residential,50,12.0296479596601,49,0.240592959193202,0.98,Large Dormitory-Style,Yes
6,765 COMMONWEALTH AVENUE,42.351,-71.1074,Academic,143,11.958429561200925,66,0.0836253815468596,0.4615384615384615,,Yes
2,111 CUMMINGTON MALL,42.3491,-71.104,Research,168,11.751375305623473,121,0.069948662533473,0.7202380952380952,,Yes
-1,771 COMMONWEALTH AVENUE,42.351,-71.108,Student Support,0,11.637911781127862,101,inf,inf,,Yes
6,595 COMMONWEALTH AVENUE,42.3496,-71.0997,Academic,255,11.401341480222356,85,0.0447111430596955,0.3333333333333333,,Yes
17,700 COMMONWEALTH AVENUE,42.3493,-71.104,Residential,133,11.3922131403257,42,0.0856557378971857,0.3157894736842105,Large Dormitory-Style,Partial
5,100 BAY STATE ROAD,42.3498,-71.0979,Student Support,101,11.389095770075432,66,0.1127633244561924,0.6534653465346535,,Yes
15,700 COMMONWEALTH AVENUE,42.3493,-71.104,Residential,133,11.341184867951464,57,0.0852720666763268,0.4285714285714285,Large Dormitory-Style,Partial
3,25 BUICK STREET,42.3519,-71.1152,Administrative,174,11.288877296702022,215,0.0648786051534599,1.235632183908046,,Yes
7,33 HARRY AGGANIS WAY,42.3532,-71.1178,Residential,50,11.197245127436284,50,0.2239449025487256,1.0,Large Dormitory-Style,Yes
3,890 COMMONWEALTH AVENUE,42.3505,-71.1156,Academic,129,11.021886166411434,49,0.0854409780341971,0.3798449612403101,,Yes
9,33 HARRY AGGANIS WAY,42.3532,-71.1178,Residential,50,10.988223269042752,53,0.219764465380855,1.06,Large Dormitory-Style,Yes
1,820 COMMONWEALTH AVENUE,42.35,-71.1122,Academic,149,10.839427662957076,89,0.0727478366641414,0.5973154362416108,,Yes
-1,640 COMMONWEALTH AVENUE,42.3488,-71.1023,Academic,0,10.829180300360768,72,inf,inf,,Yes
2,808 COMMONWEALTH AVENUE,42.3501,-71.1117,Academic,317,10.771654824537617,90,0.0339799836736202,0.2839116719242902,,Yes
2,120 ASHFORD STREET,42.3544,-71.1223,Administrative,56,10.75973593697992,74,0.1921381417317842,1.3214285714285714,,Yes
6,33 HARRY AGGANIS WAY,42.3532,-71.1178,Residential,50,10.715743050605845,50,0.2143148610121169,1.0,Large Dormitory-Style,Yes
-1,285 BABCOCK STREET,42.354,-71.1203,Athletic,0,10.666096007669656,308,inf,inf,,Yes
5,675 - 725 COMMONWEALTH AVENUE,42.3502,-71.1046,Research,0,10.593677529598438,73,inf,inf,,Partial
3,100 BAY STATE ROAD,42.3498,-71.0979,Student Support,71,10.557636251214555,65,0.1486991021297825,0.9154929577464788,,Yes
3,33 HARRY AGGANIS WAY,42.3532,-71.1178,Residential,50,10.53939255537794,66,0.2107878511075588,1.32,Large Dormitory-Style,Yes
3,8 ST. MARY'S STREET,42.3492,-71.1061,Research,176,10.51416672356114,107,0.0597395836565973,0.6079545454545454,,Yes
2,745 - 755 COMMONWEALTH AVENUE,42.3505,-71.1073,Academic,60,10.390212807688537,81,0.1731702134614756,1.35,,Partial
3,928 COMMONWEALTH AVENUE,42.3509,-71.1175,Academic,69,10.371874044634668,108,0.1503170151396328,1.565217391304348,,Yes
5,771 COMMONWEALTH AVENUE,42.351,-71.108,Student Support,12,10.30285248573757,91,0.8585710404781309,7.583333333333333,,Yes
4,100 BAY STATE ROAD,42.3498,-71.0979,Student Support,94,10.195642669775577,72,0.1084642837210167,0.7659574468085106,,Yes
8,33 HARRY AGGANIS WAY,42.3532,-71.1178,Residential,50,10.121560368115013,50,0.2024312073623002,1.0,Large Dormitory-Style,Yes
6,8 ST. MARY'S STREET,42.3492,-71.1061,Research,148,9.993110069464054,44,0.0675210139828652,0.2972972972972973,,Yes
-1,236 BAY STATE ROAD,42.3506,-71.1042,Academic,0,9.9287280015031,72,inf,inf,,No
13,700 COMMONWEALTH AVENUE,42.3493,-71.104,Residential,133,9.82381413359148,45,0.0738632641623419,0.3383458646616541,Large Dormitory-Style,Partial
1,975 COMMONWEALTH AVENUE,42.3521,-71.1197,Administrative,53,9.771535850963968,164,0.1843686009615843,3.0943396226415096,,Yes
1,617-621 COMMONWEALTH AVENUE,42.3497,-71.1013,Academic,29,9.71585478326486,83,0.3350294752849952,2.862068965517241,,No
3,273 BABCOCK STREET,42.3525,-71.1198,Residential,51,9.620662460567823,219,0.1886404404032906,4.294117647058823,Large Dormitory-Style,Yes
4,635 COMMONWEALTH AVENUE,42.3499,-71.102,Research,80,9.551468748436172,63,0.1193933593554521,0.7875,,Yes
-1,100 BAY STATE ROAD,42.3498,-71.0979,Student Support,0,9.535576432889084,75,inf,inf,,Yes
3,2 CUMMINGTON MALL,42.3482,-71.1011,Research,52,9.4673820352473,59,0.1820650391393711,1.1346153846153846,,Yes
1,750 COMMONWEALTH AVENUE,42.3498,-71.108,Academic,81,9.430664830841858,74,0.1164279608745908,0.9135802469135802,,Yes
3,888 COMMONWEALTH AVENUE,42.3504,-71.1153,Academic,142,9.364089929165385,120,0.0659442952758125,0.8450704225352113,,Yes
3,745 - 755 COMMONWEALTH AVENUE,42.3505,-71.1073,Academic,85,9.345236749915244,57,0.1099439617637087,0.6705882352941176,,Partial
11,33 HARRY AGGANIS WAY,42.3532,-71.1178,Residential,50,9.264161877625924,43,0.1852832375525184,0.86,Large Dormitory-Style,Yes
2,264-270 BAY STATE ROAD,42.3507,-71.1054,Academic,67,9.252578883495143,64,0.1380981922909723,0.9552238805970148,,No
7,8 ST. MARY'S STREET,42.3492,-71.1061,Research,144,9.234964353177746,38,0.0641316968970676,0.2638888888888889,,Yes
1,226 BAY STATE ROAD,42.3504,-71.1037,Academic,19,9.224156381536703,73,0.4854819148177213,3.842105263157895,,No
5,590 COMMONWEALTH AVENUE,42.3484,-71.1002,Research,156,9.205445700928676,68,0.0590092673136453,0.4358974358974359,,Yes
5,8 ST. MARY'S STREET,42.3492,-71.1061,Research,156,9.11653519106649,41,0.0584393281478621,0.2628205128205128,,Yes
8,575 COMMONWEALTH AVENUE,42.3495,-71.0987,Residential,100,9.086981383823623,90,0.0908698138382362,0.9,Large Dormitory-Style,Yes
5,855 COMMONWEALTH AVENUE,42.3514,-71.1139,Academic,145,8.763582966226139,73,0.0604385032153526,0.503448275862069,,Yes
4,2 SILBER WAY,42.3497,-71.1009,Academic,88,8.761973261127094,74,0.0995678779673533,0.8409090909090909,,Yes
1,925 COMMONWEALTH AVENUE,42.3522,-71.1177,Athletic,0,8.741416309012875,161,inf,inf,,Yes
6,100 BAY STATE ROAD,42.3498,-71.0979,Student Support,92,8.6834662110858,82,0.0943855022944108,0.8913043478260869,,Yes
5,881 COMMONWEALTH AVENUE,42.3514,-71.1153,Administrative,92,8.628395936687928,54,0.0937869123553035,0.5869565217391305,,Yes
1,96-100 CUMMINGTON MALL,42.3489,-71.1048,Academic,56,8.61335897625564,66,0.1538099817188507,1.1785714285714286,,Yes
14,33 HARRY AGGANIS WAY,42.3532,-71.1178,Residential,50,8.469818144771025,38,0.1693963628954205,0.76,Large Dormitory-Style,Yes
6,745 - 755 COMMONWEALTH AVENUE,42.3505,-71.1073,Academic,73,8.442961165048544,61,0.1156570022609389,0.8356164383561644,,Partial
2,213 BAY STATE ROAD,42.3508,-71.1031,Student Support,80,8.441357828491514,76,0.1055169728561439,0.95,,Yes
1,700 BEACON STREET,42.3485,-71.0994,Academic,49,8.354697178251893,123,0.170504024045957,2.510204081632653,,Yes
9,8 ST. MARY'S STREET,42.3492,-71.1061,Research,155,8.353603891947254,109,0.0538942186577242,0.7032258064516129,,Yes
1,730 COMMONWEALTH AVENUE,42.3496,-71.1069,Research,117,8.25041272699985,85,0.0705163480940158,0.7264957264957265,,Yes
6,275 BABCOCK STREET,42.3528,-71.1204,Residential,53,8.171831637372803,38,0.1541855025919396,0.7169811320754716,Large Dormitory-Style,Yes
1,64-86 CUMMINGTON MALL,42.3487,-71.104,Academic,119,8.11771886989885,55,0.0682161249571332,0.4621848739495798,,Yes
5,610 COMMONWEALTH AVENUE,42.349,-71.1015,Research,137,8.04164711403097,35,0.0586981541170143,0.2554744525547445,,Yes
3,264-270 BAY STATE ROAD,42.3507,-71.1054,Academic,75,8.030865705676359,53,0.1070782094090181,0.7066666666666667,,No
1,15 ST. MARY'S STREET,42.3494,-71.1075,Research,138,8.03012111637704,67,0.0581892834520075,0.4855072463768116,,Yes
15,33 HARRY AGGANIS WAY,42.3532,-71.1178,Residential,50,8.019678565745505,39,0.16039357131491,0.78,Large Dormitory-Style,Yes
1,147 BAY STATE ROAD,42.3505,-71.1001,Academic,15,7.957460053953103,37,0.5304973369302068,2.466666666666667,,No
1,32 HARRY AGGANIS WAY,42.3525,-71.1186,Administrative,9,7.943988776170947,103,0.8826654195745497,11.444444444444445,,Yes
8,8 ST. MARY'S STREET,42.3492,-71.1061,Research,148,7.747185981069327,41,0.0523458512234413,0.277027027027027,,Yes
4,745 - 755 COMMONWEALTH AVENUE,42.3505,-71.1073,Academic,83,7.742614707730986,58,0.0932845145509757,0.6987951807228916,,Partial
1,53 BAY STATE ROAD,42.3502,-71.0951,Academic,20,7.671224802546269,43,0.3835612401273134,2.15,,No
4,24 CUMMINGTON MALL,42.3483,-71.1017,Research,116,7.659338401479351,31,0.0660287793230978,0.2672413793103448,,Yes
6,610 COMMONWEALTH AVENUE,42.349,-71.1015,Research,134,7.408841541209492,35,0.055289862247832,0.2611940298507462,,Yes
-1,141 BAY STATE ROAD,42.3505,-71.0998,Academic,0,7.361328538184895,48,inf,inf,,No
13,33 HARRY AGGANIS WAY,42.3532,-71.1178,Residential,50,7.359665184410149,34,0.147193303688203,0.68,Large Dormitory-Style,Yes
5,704 COMMONWEALTH AVENUE,42.3494,-71.1053,Academic,30,7.308346563846677,130,0.2436115521282225,4.333333333333333,,No
7,44 CUMMINGTON MALL,42.3485,-71.1028,Research,65,7.258105107327905,47,0.1116631554973524,0.7230769230769231,,Yes
6,881 COMMONWEALTH AVENUE,42.3514,-71.1153,Administrative,97,7.220893141945774,40,0.0744421973396471,0.4123711340206185,,Yes
5,635 COMMONWEALTH AVENUE,42.3499,-71.102,Research,79,7.14382337927514,58,0.0904281440414574,0.7341772151898734,,Yes
3,1010 COMMONWEALTH AVENUE,42.3513,-71.121,Academic,59,7.05223259683831,30,0.1195293660481069,0.5084745762711864,,Yes
4,820 COMMONWEALTH AVENUE,42.35,-71.1122,Academic,92,7.047301912568306,45,0.0766011077453076,0.4891304347826087,,Yes
8,24 CUMMINGTON MALL,42.3483,-71.1017,Research,118,6.985161156739595,31,0.0591962809893186,0.2627118644067797,,Yes
1,110-112 CUMMINGTON MALL,42.3491,-71.1055,Academic,70,6.924131067217884,56,0.0989161581031126,0.8,,Yes
2,96-100 CUMMINGTON MALL,42.3489,-71.1048,Academic,55,6.828408501814412,47,0.1241528818511711,0.8545454545454545,,Yes
2,24 CUMMINGTON MALL,42.3483,-71.1017,Research,86,6.695605573419078,25,0.0778558787606869,0.2906976744186046,,Yes
1,10 LENOX STREET,42.3487,-71.1099,Administrative,50,6.6102961338086095,36,0.1322059226761721,0.72,,Yes
9,24 CUMMINGTON MALL,42.3483,-71.1017,Research,105,6.54597995464189,57,0.0623426662346846,0.5428571428571428,,Yes
1,233 BAY STATE ROAD,42.3509,-71.1039,Academic,62,6.529859719438877,41,0.1053203180554657,0.6612903225806451,,Yes
3,1 UNIVERSITY ROAD,42.3512,-71.11,Academic,84,6.502171059274967,41,0.0774067983247019,0.4880952380952381,,Yes
8,610 COMMONWEALTH AVENUE,42.349,-71.1015,Research,137,6.462075554902249,31,0.0471684347073156,0.2262773722627737,,Yes
17,33 HARRY AGGANIS WAY,42.3532,-71.1178,Residential,50,6.440024668516806,36,0.1288004933703361,0.72,Large Dormitory-Style,Yes
6,24 CUMMINGTON MALL,42.3483,-71.1017,Research,109,6.385363498413574,31,0.0585813164992071,0.2844036697247706,,Yes
6,273 BABCOCK STREET,42.3525,-71.1198,Residential,51,6.384264978381717,31,0.1251816662427787,0.6078431372549019,Large Dormitory-Style,Yes
1,213 BAY STATE ROAD,42.3508,-71.1031,Student Support,30,6.379761672201602,80,0.21265872240672,2.6666666666666665,,Yes
7,24 CUMMINGTON MALL,42.3483,-71.1017,Research,111,6.356399549280837,27,0.0572648608043318,0.2432432432432432,,Yes
5,24 CUMMINGTON MALL,42.3483,-71.1017,Research,110,6.225253215683837,30,0.0565932110516712,0.2727272727272727,,Yes
3,2 SILBER WAY,42.3497,-71.1009,Academic,74,6.067713444553484,40,0.0819961276291011,0.5405405405405406,,Yes
9,610 COMMONWEALTH AVENUE,42.349,-71.1015,Research,125,6.049650938854117,29,0.0483972075108329,0.232,,Yes
-1,226 BAY STATE ROAD,42.3504,-71.1037,Academic,0,6.04161391069469,40,inf,inf,,No
-1,154 BAY STATE ROAD,42.3501,-71.1007,Academic,0,5.948350071736011,46,inf,inf,,No
1,985 COMMONWEALTH AVENUE,42.3521,-71.1202,Administrative,124,5.929675965498484,36,0.0478199674636974,0.2903225806451613,,Yes
-1,264-270 BAY STATE ROAD,42.3507,-71.1054,Academic,0,5.917616126205084,40,inf,inf,,No
3,24 CUMMINGTON MALL,42.3483,-71.1017,Research,110,5.914317042606516,29,0.0537665185691501,0.2636363636363636,,Yes
4,1010 COMMONWEALTH AVENUE,42.3513,-71.121,Academic,59,5.834573412698413,56,0.0988910747914985,0.9491525423728814,,Yes
2,110-112 CUMMINGTON MALL,42.3491,-71.1055,Academic,69,5.802871120378539,38,0.0840995814547614,0.5507246376811594,,Yes
1,2 CUMMINGTON MALL,42.3482,-71.1011,Research,64,5.770725834193327,49,0.0901675911592707,0.765625,,Yes
1,44 CUMMINGTON MALL,42.3485,-71.1028,Research,59,5.750172261049316,26,0.097460546797446,0.4406779661016949,,Yes
2,30-38 CUMMINGTON MALL,42.3484,-71.1023,Research,60,5.710869036027264,28,0.0951811506004543,0.4666666666666667,,Yes
1,890 COMMONWEALTH AVENUE,42.3505,-71.1156,Academic,72,5.591921852705521,52,0.0776655812875766,0.7222222222222222,,Yes
1,765 COMMONWEALTH AVENUE,42.351,-71.1074,Academic,0,5.589795659347633,34,inf,inf,,Yes
2,48-52 CUMMINGTON MALL,42.3486,-71.1033,Research,42,5.5399545109931765,33,0.1319036788331708,0.7857142857142857,,Yes
1,30-38 CUMMINGTON MALL,42.3484,-71.1023,Research,25,5.529136197440585,37,0.2211654478976234,1.48,,Yes
4,8 ST. MARY'S STREET,42.3492,-71.1061,Research,168,5.419963395748275,37,0.032261686879454,0.2202380952380952,,Yes
3,44 CUMMINGTON MALL,42.3485,-71.1028,Research,60,5.402473922274532,93,0.0900412320379088,1.55,,Yes
7,765 COMMONWEALTH AVENUE,42.351,-71.1074,Academic,33,5.395544441918618,35,0.1635013467248066,1.0606060606060606,,Yes
1,704 COMMONWEALTH AVENUE,42.3494,-71.1053,Academic,31,5.258266653812783,48,0.1696215049617027,1.5483870967741935,,No
2,704 COMMONWEALTH AVENUE,42.3494,-71.1053,Academic,31,5.081055155875299,53,0.1639050050282354,1.7096774193548387,,No
12,33 HARRY AGGANIS WAY,42.3532,-71.1178,Residential,50,5.045854657113613,24,0.1009170931422722,0.48,Large Dormitory-Style,Yes
1,152 BAY STATE ROAD,,,Academic,0,5.01978398032296,29,inf,inf,,No
3,30-38 CUMMINGTON MALL,42.3484,-71.1023,Research,63,4.97048770320967,25,0.0788966302096773,0.3968253968253968,,Yes
2,147 BAY STATE ROAD,42.3505,-71.1001,Academic,30,4.943863839952225,28,0.1647954613317408,0.9333333333333332,,No
5,1010 COMMONWEALTH AVENUE,42.3513,-71.121,Academic,58,4.936046511627907,19,0.0851042502004811,0.3275862068965517,,Yes
-1,8 ST. MARY'S STREET,42.3492,-71.1061,Research,0,4.907958960055782,37,inf,inf,,Yes
-1,163-179 AMORY STREET,42.3502,-71.1136,Administrative,0,4.899570405727924,22,inf,inf,,Yes
3,232 BAY STATE ROAD,42.3505,-71.1039,Academic,34,4.886339937434828,38,0.143715880512789,1.1176470588235294,,No
3,226 BAY STATE ROAD,42.3504,-71.1037,Academic,23,4.721734641197728,29,0.2052928104868577,1.2608695652173914,,No
5,44 CUMMINGTON MALL,42.3485,-71.1028,Research,59,4.664638427334426,27,0.0790616682599055,0.4576271186440678,,Yes
1,232 BAY STATE ROAD,42.3505,-71.1039,Academic,34,4.6439734785697375,30,0.1365874552520511,0.8823529411764706,,No
5,232 BAY STATE ROAD,42.3505,-71.1039,Academic,40,4.558206686930091,42,0.1139551671732522,1.05,,No
1,677 BEACON STREET,42.3481,-71.0986,Research,34,4.546251545464764,20,0.1337132807489636,0.5882352941176471,,Yes
2,820 COMMONWEALTH AVENUE,42.35,-71.1122,Academic,48,4.336055116101046,22,0.0903344815854384,0.4583333333333333,,Yes
4,44 CUMMINGTON MALL,42.3485,-71.1028,Research,68,4.317645762151439,22,0.063494790619874,0.3235294117647059,,Yes
18,33 HARRY AGGANIS WAY,42.3532,-71.1178,Residential,50,4.233986145557171,18,0.0846797229111434,0.36,Large Dormitory-Style,Yes
7,610 COMMONWEALTH AVENUE,42.349,-71.1015,Research,130,4.195973632638518,24,0.0322767202510655,0.1846153846153846,,Yes
3,233 BAY STATE ROAD,42.3509,-71.1039,Academic,22,4.192353823088456,24,0.1905615374131116,1.0909090909090908,,Yes
3,677 BEACON STREET,42.3481,-71.0986,Research,37,4.137031352773515,21,0.1118116581830679,0.5675675675675675,,Yes
2,617-621 COMMONWEALTH AVENUE,42.3497,-71.1013,Academic,25,4.120786839986196,26,0.1648314735994478,1.04,,No
2,140 BAY STATE ROAD,42.35,-71.0998,Residential,66,4.105628616517622,25,0.0622064941896609,0.3787878787878788,Large Dormitory-Style,Partial
5,745 - 755 COMMONWEALTH AVENUE,42.3505,-71.1073,Academic,68,4.084268843854789,29,0.0600627771155116,0.4264705882352941,,Partial
2,233 BAY STATE ROAD,42.3509,-71.1039,Academic,60,4.0643798796877,39,0.0677396646614616,0.65,,Yes
4,775 COMMONWEALTH AVENUE,42.3509,-71.109,Student Support,82,3.9799315198782574,24,0.0485357502424177,0.2926829268292683,,Yes
12,273 BABCOCK STREET,42.3525,-71.1198,Residential,51,3.9764960346070657,29,0.0779705104824914,0.5686274509803921,Large Dormitory-Style,Yes
-1,704 COMMONWEALTH AVENUE,42.3494,-71.1053,Academic,0,3.9249894648124735,30,inf,inf,,No
-1,44 CUMMINGTON MALL,42.3485,-71.1028,Research,0,3.9234769687964337,26,inf,inf,,Yes
9,91 BAY STATE ROAD,42.3503,-71.097,Residential,100,3.903047091412742,21,0.0390304709141274,0.21,Large Dormitory-Style,Partial
-1,48-52 CUMMINGTON MALL,42.3486,-71.1033,Research,0,3.884467120181406,26,inf,inf,,Yes
-1,110-112 CUMMINGTON MALL,42.3491,-71.1055,Academic,0,3.672649572649573,19,inf,inf,,Yes
-1,775 COMMONWEALTH AVENUE,42.3509,-71.109,Student Support,196,3.631611316113161,32,0.0185286291638426,0.1632653061224489,,Yes
8,765 COMMONWEALTH AVENUE,42.351,-71.1074,Academic,51,3.6256523801992726,21,0.0710912231411622,0.4117647058823529,,Yes
-1,735 COMMONWEALTH AVENUE,42.3506,-71.1064,Student Support,0,3.5629555164614226,56,inf,inf,,No
9,765 COMMONWEALTH AVENUE,42.351,-71.1074,Academic,55,3.490784129959388,14,0.0634688023628979,0.2545454545454545,,Yes
4,264-270 BAY STATE ROAD,42.3507,-71.1054,Academic,65,3.4266477675407514,20,0.0527176579621654,0.3076923076923077,,No
-1,2 SILBER WAY,42.3497,-71.1009,Academic,0,3.421990171990172,23,inf,inf,,Yes
16,33 HARRY AGGANIS WAY,42.3532,-71.1178,Residential,50,3.282660827859452,20,0.065653216557189,0.4,Large Dormitory-Style,Yes
-1,610 BEACON STREET,42.3497,-71.0945,Residential,0,3.2748084198273357,22,inf,inf,Large Dormitory-Style,Yes
3,820 COMMONWEALTH AVENUE,42.35,-71.1122,Academic,32,3.274468085106383,14,0.1023271276595744,0.4375,,Yes
1,808 COMMONWEALTH AVENUE,42.3501,-71.1117,Academic,0,3.245117362479842,20,inf,inf,,Yes
3,225 BAY STATE ROAD,42.3509,-71.1036,Student Support,24,3.244992295839753,20,0.1352080123266563,0.8333333333333334,,Yes
6,44 CUMMINGTON MALL,42.3485,-71.1028,Research,67,3.22010905705546,18,0.0480613292097829,0.2686567164179104,,Yes
-1,765 COMMONWEALTH AVENUE,42.351,-71.1074,Academic,0,3.173076923076923,13,inf,inf,,Yes
5,53 BAY STATE ROAD,42.3502,-71.0951,Academic,15,3.1045081967213117,16,0.206967213114754,1.0666666666666669,,No
7,2 SILBER WAY,42.3497,-71.1009,Academic,19,2.862412761714856,13,0.1506533032481503,0.6842105263157895,,Yes
-1,15 ST. MARY'S STREET,42.3494,-71.1075,Research,0,2.7362579281183934,11,inf,inf,,Yes
19,33 HARRY AGGANIS WAY,42.3532,-71.1178,Residential,50,2.7071387338849338,11,0.0541427746776986,0.22,Large Dormitory-Style,Yes
3,125 BAY STATE ROAD,42.3504,-71.099,Administrative,12,2.655287260616153,16,0.2212739383846794,1.3333333333333333,,No
1,718 COMMONWEALTH AVENUE,42.3495,-71.1058,Academic,30,2.645136186770428,23,0.0881712062256809,0.7666666666666667,,No
1,985 COMMONWEALTH AVENUE,42.3521,-71.1202,Administrative,0,2.63023816701839,12,inf,inf,,Yes
2,143 BAY STATE ROAD,42.3505,-71.0998,Academic,11,2.6103315029489527,20,0.2373028639044502,1.818181818181818,,No
2,138 MOUNTFORT STREET,42.3485,-71.1079,Academic,10,2.5394358088658606,19,0.2539435808865861,1.9,,No
2,118 BAY STATE ROAD,42.35,-71.0986,Academic,6,2.505494505494505,9,0.4175824175824176,1.5,,No
20,33 HARRY AGGANIS WAY,42.3532,-71.1178,Residential,18,2.42873541228238,16,0.1349297451267989,0.8888888888888888,Large Dormitory-Style,Yes
3,185 BAY STATE ROAD,42.3507,-71.1018,Academic,9,2.33748987854251,12,0.2597210976158344,1.3333333333333333,,No
10,33 HARRY AGGANIS WAY,42.3532,-71.1178,Residential,50,2.3116587285152206,13,0.0462331745703044,0.26,Large Dormitory-Style,Yes
-1,67 BAY STATE ROAD,42.3502,-71.0959,Academic,0,2.297192421821502,21,inf,inf,,No
-1,233 BAY STATE ROAD,42.3509,-71.1039,Academic,0,2.2648883374689825,18,inf,inf,,Yes
1,122 BAY STATE ROAD,42.35,-71.0988,Administrative,9,2.253386853988961,15,0.2503763171098845,1.6666666666666667,,No
1,141 BAY STATE ROAD,42.3505,-71.0998,Academic,11,2.228134353175923,10,0.2025576684705384,0.9090909090909092,,No
4,143 BAY STATE ROAD,42.3505,-71.0998,Academic,11,2.162227602905569,19,0.1965661457186881,1.7272727272727273,,No
-1,116 BAY STATE ROAD,42.35,-71.0985,Academic,0,2.057942057942058,25,inf,inf,,No
22,33 HARRY AGGANIS WAY,42.3532,-71.1178,Residential,18,2.0059541530217326,8,0.1114418973900962,0.4444444444444444,Large Dormitory-Style,Yes
-1,213 BAY STATE ROAD,42.3508,-71.1031,Student Support,0,1.9297590770274853,7,inf,inf,,Yes
4,2 CUMMINGTON MALL,42.3482,-71.1011,Research,36,1.8311721991701244,8,0.0508658944213923,0.2222222222222222,,Yes
1,855 COMMONWEALTH AVENUE,42.3514,-71.1139,Academic,0,1.805111821086262,12,inf,inf,,Yes
1,820 COMMONWEALTH AVENUE,42.35,-71.1122,Academic,0,1.7728813559322034,10,inf,inf,,Yes
-1,10 LENOX STREET,42.3487,-71.1099,Administrative,0,1.677079107505071,12,inf,inf,,Yes
3,610 COMMONWEALTH AVENUE,42.349,-71.1015,Research,126,1.5980827682955343,7,0.012683196573774,0.0555555555555555,,Yes
1,67 BAY STATE ROAD,42.3502,-71.0959,Academic,10,1.4726802457161332,9,0.1472680245716133,0.9,,No
4,116 BAY STATE ROAD,42.35,-71.0985,Academic,2,1.2893081761006289,3,0.6446540880503144,1.5,,No
5,143 BAY STATE ROAD,42.3505,-71.0998,Academic,9,1.2765957446808511,3,0.1418439716312056,0.3333333333333333,,No
2,2 CUMMINGTON MALL,42.3482,-71.1011,Research,38,1.2692307692307692,7,0.0334008097165991,0.1842105263157894,,Yes
3,617-621 COMMONWEALTH AVENUE,42.3497,-71.1013,Academic,30,1.2023809523809523,3,0.040079365079365,0.1,,No
