building_floor,building_desc,latitude,longitude,building_type,capacity,mean_density_cnt,max_density_cnt,average_dc_ratio,max_dc_ratio,Residential Building Type
1,771 COMMONWEALTH AVENUE,42.351,-71.108,Student Support,73,25.448997973429407,309,0.3486164105949234,4.232876712328767,
2,771 COMMONWEALTH AVENUE,42.351,-71.108,Student Support,92,30.477225672877847,283,0.33127419209649833,3.0760869565217392,
1,775 COMMONWEALTH AVENUE,42.3509,-71.109,Student Support,534,78.56353344257411,534,0.14712272180257324,1.0,
1,1 UNIVERSITY ROAD,42.3512,-71.11,Academic,307,51.58559521265228,351,0.16803125476433967,1.1433224755700326,
1,745 - 755 COMMONWEALTH AVENUE,42.3505,-71.1073,Academic,129,40.21941260392581,319,0.31177839227849463,2.4728682170542635,
2,745 - 755 COMMONWEALTH AVENUE,42.3505,-71.1073,Academic,60,10.390212807688537,81,0.1731702134614756,1.35,
1,264-270 BAY STATE ROAD,42.3507,-71.1054,Academic,58,25.806375504640066,337,0.44493750870069076,5.810344827586207,
6,635 COMMONWEALTH AVENUE,42.3499,-71.102,Research,78,13.036603079306671,163,0.1671359369141881,2.08974358974359,
1,2 SILBER WAY,42.3497,-71.1009,Academic,87,73.43170503277962,417,0.8440425865836738,4.793103448275862,
6,595 COMMONWEALTH AVENUE,42.3496,-71.0997,Academic,255,11.401341480222355,85,0.04471114305969551,0.3333333333333333,
3,595 COMMONWEALTH AVENUE,42.3496,-71.0997,Academic,269,53.81736927635981,506,0.2000645698005941,1.8810408921933086,
4,285 BABCOCK STREET,42.354,-71.1203,Athletic,32,12.642807328979902,425,0.39508772903062195,13.28125,
1,120 ASHFORD STREET,42.3544,-71.1223,Administrative,319,15.24245950058176,60,0.047782004704018055,0.18808777429467086,
1,100 ASHFORD STREET,42.3546,-71.1236,Athletic,627,13.874281264973646,331,0.02212804029501379,0.5279106858054227,
4,590 COMMONWEALTH AVENUE,42.3484,-71.1002,Research,336,17.102079589216945,154,0.050899046396479006,0.4583333333333333,
3,730 COMMONWEALTH AVENUE,42.3496,-71.1069,Research,115,14.632888631090488,139,0.12724250983556945,1.208695652173913,
3,8 ST. MARY'S STREET,42.3492,-71.1061,Research,176,10.51416672356114,107,0.05973958365659738,0.6079545454545454,
1,1010 COMMONWEALTH AVENUE,42.3513,-71.121,Academic,92,62.838983774551664,365,0.6830324323320833,3.967391304347826,
2,900 COMMONWEALTH AVENUE,42.3506,-71.1162,Academic,206,20.485565041563692,118,0.09944449049302763,0.5728155339805825,
3,25 BUICK STREET,42.3519,-71.1152,Administrative,174,11.288877296702022,215,0.0648786051534599,1.235632183908046,
4,855 COMMONWEALTH AVENUE,42.3514,-71.1139,Academic,187,14.958388375165125,85,0.079991381685375,0.45454545454545453,
2,855 COMMONWEALTH AVENUE,42.3514,-71.1139,Academic,176,27.828382352941176,175,0.1581158088235294,0.9943181818181818,
3,855 COMMONWEALTH AVENUE,42.3514,-71.1139,Academic,189,32.050979354155636,253,0.16958190134473883,1.3386243386243386,
4,871 COMMONWEALTH AVENUE,42.3515,-71.1146,Academic,115,24.57164984243978,183,0.21366652036904155,1.5913043478260869,
3,871 COMMONWEALTH AVENUE,42.3515,-71.1146,Academic,177,27.52616111256888,185,0.15551503453428744,1.0451977401129944,
18,700 COMMONWEALTH AVENUE,42.3493,-71.104,Residential,133,17.41311180960934,120,0.13092565270382964,0.9022556390977443,Large Dormitory-Style
8,700 COMMONWEALTH AVENUE,42.3493,-71.104,Residential,133,20.643093528842726,91,0.1552112295401709,0.6842105263157895,Large Dormitory-Style
3,1019 COMMONWEALTH AVENUE,42.3523,-71.1214,Residential,57,15.221586201702191,66,0.2670453719596876,1.1578947368421053,Large Dormitory-Style
b,700 COMMONWEALTH AVENUE,42.3493,-71.104,Residential,0,53.27402332901315,363,inf,inf,Large Dormitory-Style
14,700 COMMONWEALTH AVENUE,42.3493,-71.104,Residential,133,15.418695006284995,67,0.11593003764124056,0.5037593984962406,Large Dormitory-Style
17,700 COMMONWEALTH AVENUE,42.3493,-71.104,Residential,133,11.392213140325701,42,0.08565573789718572,0.3157894736842105,Large Dormitory-Style
2,10 LENOX STREET,42.3487,-71.1099,Administrative,32,6.324349558072949,32,0.19763592368977967,1.0,
8,91 BAY STATE ROAD,42.3503,-71.097,Residential,59,8.018881692967254,43,0.1359132490333433,0.7288135593220338,Large Dormitory-Style
5,91 BAY STATE ROAD,42.3503,-71.097,Residential,59,9.087340462228354,37,0.15402271969878567,0.6271186440677966,Large Dormitory-Style
1,91 BAY STATE ROAD,42.3503,-71.097,Residential,262,20.3574635552353,142,0.07770024257723396,0.5419847328244275,Large Dormitory-Style
6,275 BABCOCK STREET,42.3528,-71.1204,Residential,53,8.171831637372803,38,0.15418550259193967,0.7169811320754716,Large Dormitory-Style
2,540 COMMONWEALTH AVENUE,,,Academic,38,35.294751131221716,404,0.9288092402953083,10.631578947368421,
7,700 COMMONWEALTH AVENUE,42.3493,-71.104,Residential,133,18.441151515151514,105,0.1386552745500114,0.7894736842105263,Large Dormitory-Style
6,700 COMMONWEALTH AVENUE,42.3493,-71.104,Residential,133,23.787350362899424,135,0.17885225836766486,1.0150375939849625,Large Dormitory-Style
10,700 COMMONWEALTH AVENUE,42.3493,-71.104,Residential,133,16.385428601187375,70,0.12319871128712312,0.5263157894736842,Large Dormitory-Style
18,33 HARRY AGGANIS WAY,42.3532,-71.1178,Residential,50,4.233986145557171,18,0.08467972291114341,0.36,Large Dormitory-Style
8,33 HARRY AGGANIS WAY,42.3532,-71.1178,Residential,50,10.121560368115013,50,0.20243120736230025,1.0,Large Dormitory-Style
11,33 HARRY AGGANIS WAY,42.3532,-71.1178,Residential,50,9.264161877625924,43,0.18528323755251846,0.86,Large Dormitory-Style
5,33 HARRY AGGANIS WAY,42.3532,-71.1178,Residential,50,12.0296479596601,49,0.240592959193202,0.98,Large Dormitory-Style
1,700 COMMONWEALTH AVENUE,42.3493,-71.104,Residential,171,33.36713651072232,314,0.19512945327907788,1.8362573099415205,Large Dormitory-Style
4,700 COMMONWEALTH AVENUE,42.3493,-71.104,Residential,353,46.68630952380953,398,0.1322558343450695,1.1274787535410764,Large Dormitory-Style
5,700 COMMONWEALTH AVENUE,42.3493,-71.104,Residential,133,12.043731931668857,162,0.09055437542608163,1.218045112781955,Large Dormitory-Style
9,700 COMMONWEALTH AVENUE,42.3493,-71.104,Residential,133,12.486826967326277,58,0.09388591704756599,0.43609022556390975,Large Dormitory-Style
11,700 COMMONWEALTH AVENUE,42.3493,-71.104,Residential,133,30.89797526971772,291,0.23231560353171218,2.18796992481203,Large Dormitory-Style
15,700 COMMONWEALTH AVENUE,42.3493,-71.104,Residential,133,11.341184867951464,57,0.0852720666763268,0.42857142857142855,Large Dormitory-Style
16,700 COMMONWEALTH AVENUE,42.3493,-71.104,Residential,133,16.771060821859997,90,0.12609820166812027,0.6766917293233082,Large Dormitory-Style
13,700 COMMONWEALTH AVENUE,42.3493,-71.104,Residential,133,9.823814133591481,45,0.07386326416234197,0.3383458646616541,Large Dormitory-Style
12,700 COMMONWEALTH AVENUE,42.3493,-71.104,Residential,133,19.055944055944057,84,0.14327777485672222,0.631578947368421,Large Dormitory-Style
p,30 HARRY AGGANIS WAY,42.3529,-71.1189,Administrative,0,53.272348565356005,1651,inf,inf,
w,140 BAY STATE ROAD,42.35,-71.0998,Residential,0,17.981918633852334,83,inf,inf,Large Dormitory-Style
b,187 BAY STATE ROAD,42.3507,-71.1019,Academic,0,4.357958010279641,28,inf,inf,
e,140 BAY STATE ROAD,42.35,-71.0998,Residential,0,18.28420929415896,84,inf,inf,Large Dormitory-Style
g,925 COMMONWEALTH AVENUE,42.3522,-71.1177,Athletic,0,23.7316329985329,146,inf,inf,
b,2 SILBER WAY,42.3497,-71.1009,Academic,0,3.421990171990172,23,inf,inf,
a,700 COMMONWEALTH AVENUE,42.3493,-71.104,Residential,0,3.0260445682451254,93,inf,inf,Large Dormitory-Style
b,48-52 CUMMINGTON MALL,42.3486,-71.1033,Research,0,3.884467120181406,26,inf,inf,
2,808 COMMONWEALTH AVENUE,42.3501,-71.1117,Academic,317,10.771654824537615,90,0.033979983673620234,0.28391167192429023,
1,163-179 AMORY STREET,42.3502,-71.1136,Administrative,103,62.57086306323917,411,0.6074841074100891,3.9902912621359223,
4,91 BAY STATE ROAD,42.3503,-71.097,Residential,59,8.171127215326111,34,0.1384936816156968,0.576271186440678,Large Dormitory-Style
2,91 BAY STATE ROAD,42.3503,-71.097,Residential,59,9.718801996672212,44,0.16472545757071547,0.7457627118644068,Large Dormitory-Style
7,91 BAY STATE ROAD,42.3503,-71.097,Residential,59,7.399841132293472,38,0.12542103614056732,0.6440677966101694,Large Dormitory-Style
6,91 BAY STATE ROAD,42.3503,-71.097,Residential,59,8.206209554279067,32,0.13908829753015367,0.5423728813559322,Large Dormitory-Style
3,91 BAY STATE ROAD,42.3503,-71.097,Residential,59,8.350674231817846,37,0.14153685138674316,0.6271186440677966,Large Dormitory-Style
4,140 BAY STATE ROAD,42.35,-71.0998,Residential,66,2.9437426309583965,16,0.04460216107512722,0.24242424242424243,Large Dormitory-Style
2,140 BAY STATE ROAD,42.35,-71.0998,Residential,66,4.105628616517622,25,0.06220649418966094,0.3787878787878788,Large Dormitory-Style
6,140 BAY STATE ROAD,42.35,-71.0998,Residential,66,3.6754056193114364,16,0.05568796392896116,0.24242424242424243,Large Dormitory-Style
8,575 COMMONWEALTH AVENUE,42.3495,-71.0987,Residential,100,9.086981383823623,90,0.09086981383823624,0.9,Large Dormitory-Style
6,575 COMMONWEALTH AVENUE,42.3495,-71.0987,Residential,64,14.80524243568308,82,0.23133191305754813,1.28125,Large Dormitory-Style
5,1019 COMMONWEALTH AVENUE,42.3523,-71.1214,Residential,57,15.343795341733486,59,0.2691893919602366,1.0350877192982457,Large Dormitory-Style
1,1019 COMMONWEALTH AVENUE,42.3523,-71.1214,Residential,50,72.45283836487071,661,1.4490567672974144,13.22,Large Dormitory-Style
4,1019 COMMONWEALTH AVENUE,42.3523,-71.1214,Residential,57,14.998046557056812,73,0.26312362380801424,1.280701754385965,Large Dormitory-Style
2,1019 COMMONWEALTH AVENUE,42.3523,-71.1214,Residential,57,14.555356523748989,83,0.2553571319955963,1.456140350877193,Large Dormitory-Style
6,1019 COMMONWEALTH AVENUE,42.3523,-71.1214,Residential,57,13.84644405201477,60,0.24292007108797842,1.0526315789473684,Large Dormitory-Style
8,273 BABCOCK STREET,42.3525,-71.1198,Residential,51,7.215624239474325,31,0.14148282822498676,0.6078431372549019,Large Dormitory-Style
5,273 BABCOCK STREET,42.3525,-71.1198,Residential,51,9.065597046713048,38,0.17775680483751075,0.7450980392156863,Large Dormitory-Style
1,273 BABCOCK STREET,42.3525,-71.1198,Residential,60,34.12708274498729,209,0.5687847124164549,3.4833333333333334,Large Dormitory-Style
4,273 BABCOCK STREET,42.3525,-71.1198,Residential,51,7.329221575237511,35,0.1437102269654414,0.6862745098039216,Large Dormitory-Style
9,273 BABCOCK STREET,42.3525,-71.1198,Residential,51,11.303672479501097,87,0.2216406368529627,1.7058823529411764,Large Dormitory-Style
2,273 BABCOCK STREET,42.3525,-71.1198,Residential,51,7.486340084785681,76,0.14679098205462118,1.4901960784313726,Large Dormitory-Style
7,273 BABCOCK STREET,42.3525,-71.1198,Residential,51,9.027411702688456,38,0.17700807260173443,0.7450980392156863,Large Dormitory-Style
6,273 BABCOCK STREET,42.3525,-71.1198,Residential,51,6.384264978381717,31,0.12518166624277877,0.6078431372549019,Large Dormitory-Style
8,275 BABCOCK STREET,42.3528,-71.1204,Residential,53,6.171406933692359,29,0.1164416402583464,0.5471698113207547,Large Dormitory-Style
5,275 BABCOCK STREET,42.3528,-71.1204,Residential,53,13.340401337792642,83,0.2517056856187291,1.5660377358490567,Large Dormitory-Style
1,275 BABCOCK STREET,42.3528,-71.1204,Residential,250,69.18003565062389,715,0.27672014260249556,2.86,Large Dormitory-Style
4,275 BABCOCK STREET,42.3528,-71.1204,Residential,53,9.03768096780591,44,0.17052228241143227,0.8301886792452831,Large Dormitory-Style
9,275 BABCOCK STREET,42.3528,-71.1204,Residential,53,9.575748435261293,48,0.18067449877851496,0.9056603773584906,Large Dormitory-Style
2,275 BABCOCK STREET,42.3528,-71.1204,Residential,62,13.3989239046887,219,0.21611167588207583,3.532258064516129,Large Dormitory-Style
7,275 BABCOCK STREET,42.3528,-71.1204,Residential,53,11.333430000725006,45,0.21383830190047182,0.8490566037735849,Large Dormitory-Style
3,275 BABCOCK STREET,42.3528,-71.1204,Residential,53,12.456907915385099,70,0.23503599840349243,1.320754716981132,Large Dormitory-Style
11,277 BABCOCK STREET,42.3535,-71.1206,Residential,52,7.407713833799733,37,0.14245603526537948,0.7115384615384616,Large Dormitory-Style
5,277 BABCOCK STREET,42.3535,-71.1206,Residential,52,11.168478260869565,66,0.21477842809364547,1.2692307692307692,Large Dormitory-Style
1,277 BABCOCK STREET,42.3535,-71.1206,Residential,80,36.04446768250174,209,0.45055584603127175,2.6125,Large Dormitory-Style
4,277 BABCOCK STREET,42.3535,-71.1206,Residential,52,9.017851739788199,46,0.17342022576515767,0.8846153846153846,Large Dormitory-Style
9,277 BABCOCK STREET,42.3535,-71.1206,Residential,52,12.41150248465361,48,0.2386827400894925,0.9230769230769231,Large Dormitory-Style
2,277 BABCOCK STREET,42.3535,-71.1206,Residential,52,7.535210144349629,54,0.14490788739133903,1.0384615384615385,Large Dormitory-Style
7,277 BABCOCK STREET,42.3535,-71.1206,Residential,52,11.940161346895826,48,0.22961848744030433,0.9230769230769231,Large Dormitory-Style
6,277 BABCOCK STREET,42.3535,-71.1206,Residential,52,8.96516129032258,43,0.17240694789081884,0.8269230769230769,Large Dormitory-Style
3,277 BABCOCK STREET,42.3535,-71.1206,Residential,52,12.220362257241876,73,0.2350069664854207,1.4038461538461537,Large Dormitory-Style
13,277 BABCOCK STREET,42.3535,-71.1206,Residential,52,6.398334149926507,27,0.12304488749858668,0.5192307692307693,Large Dormitory-Style
12,277 BABCOCK STREET,42.3535,-71.1206,Residential,52,6.039430449069004,28,0.116142893251327,0.5384615384615384,Large Dormitory-Style
1,640 COMMONWEALTH AVENUE,42.3488,-71.1023,Academic,142,30.577269433806023,239,0.21533288333666215,1.6830985915492958,
1,33 HARRY AGGANIS WAY,42.3532,-71.1178,Residential,84,79.65136534839925,370,0.9482305398618959,4.404761904761905,Large Dormitory-Style
14,33 HARRY AGGANIS WAY,42.3532,-71.1178,Residential,50,8.469818144771025,38,0.1693963628954205,0.76,Large Dormitory-Style
4,33 HARRY AGGANIS WAY,42.3532,-71.1178,Residential,50,13.464829182562475,56,0.26929658365124953,1.12,Large Dormitory-Style
9,33 HARRY AGGANIS WAY,42.3532,-71.1178,Residential,50,10.988223269042752,53,0.21976446538085503,1.06,Large Dormitory-Style
2,33 HARRY AGGANIS WAY,42.3532,-71.1178,Residential,206,32.73106016525079,183,0.15888864157888732,0.8883495145631068,Large Dormitory-Style
17,33 HARRY AGGANIS WAY,42.3532,-71.1178,Residential,50,6.440024668516806,36,0.1288004933703361,0.72,Large Dormitory-Style
7,33 HARRY AGGANIS WAY,42.3532,-71.1178,Residential,50,11.197245127436283,50,0.22394490254872565,1.0,Large Dormitory-Style
6,33 HARRY AGGANIS WAY,42.3532,-71.1178,Residential,50,10.715743050605845,50,0.2143148610121169,1.0,Large Dormitory-Style
3,33 HARRY AGGANIS WAY,42.3532,-71.1178,Residential,50,10.53939255537794,66,0.21078785110755882,1.32,Large Dormitory-Style
2,890 COMMONWEALTH AVENUE,42.3505,-71.1156,Academic,238,73.77037837837838,367,0.30995957301839655,1.5420168067226891,
13,33 HARRY AGGANIS WAY,42.3532,-71.1178,Residential,50,7.359665184410149,34,0.147193303688203,0.68,Large Dormitory-Style
1,949 COMMONWEALTH AVENUE,42.3519,-71.1187,Academic,45,45.248873873873876,432,1.0055305305305307,9.6,
1,32 HARRY AGGANIS WAY,42.3525,-71.1186,Administrative,9,7.943988776170947,103,0.8826654195745497,11.444444444444445,
2,32 HARRY AGGANIS WAY,42.3525,-71.1186,Administrative,31,6.506800475373036,52,0.20989678952816246,1.6774193548387097,
3,915 COMMONWEALTH AVENUE,42.3518,-71.1165,Student Support,120,23.71350393495596,222,0.19761253279129967,1.85,
8,610 BEACON STREET,42.3497,-71.0945,Residential,86,16.786509926425254,68,0.19519197588866574,0.7906976744186046,Large Dormitory-Style
5,610 BEACON STREET,42.3497,-71.0945,Residential,78,14.631613566289825,66,0.187584789311408,0.8461538461538461,Large Dormitory-Style
1,610 BEACON STREET,42.3497,-71.0945,Residential,110,32.19529514267044,235,0.29268450129700396,2.1363636363636362,Large Dormitory-Style
4,610 BEACON STREET,42.3497,-71.0945,Residential,105,19.736437868865714,91,0.18796607494157824,0.8666666666666667,Large Dormitory-Style
9,610 BEACON STREET,42.3497,-71.0945,Residential,86,14.177307581908394,58,0.16485241374312087,0.6744186046511628,Large Dormitory-Style
2,610 BEACON STREET,42.3497,-71.0945,Residential,86,17.81441146366428,75,0.20714431934493346,0.872093023255814,Large Dormitory-Style
7,610 BEACON STREET,42.3497,-71.0945,Residential,86,15.084098618350295,62,0.17539649556221273,0.7209302325581395,Large Dormitory-Style
6,610 BEACON STREET,42.3497,-71.0945,Residential,86,16.388059701492537,70,0.1905588337382853,0.813953488372093,Large Dormitory-Style
3,610 BEACON STREET,42.3497,-71.0945,Residential,105,19.515420995189782,87,0.18586115233514078,0.8285714285714286,Large Dormitory-Style
8,512 BEACON STREET,42.3509,-71.0903,Residential,30,4.256757853721893,32,0.14189192845739643,1.0666666666666667,Large Dormitory-Style
1,512 BEACON STREET,42.3509,-71.0903,Residential,44,12.984314174490496,99,0.29509804942023854,2.25,Large Dormitory-Style
4,512 BEACON STREET,42.3509,-71.0903,Residential,30,6.752011704462326,35,0.22506705681541087,1.1666666666666667,Large Dormitory-Style
9,512 BEACON STREET,42.3509,-71.0903,Residential,30,4.333716795649446,26,0.1444572265216482,0.8666666666666667,Large Dormitory-Style
2,512 BEACON STREET,42.3509,-71.0903,Residential,30,8.363420667373417,45,0.2787806889124472,1.5,Large Dormitory-Style
7,512 BEACON STREET,42.3509,-71.0903,Residential,30,3.3612672457843638,19,0.11204224152614546,0.6333333333333333,Large Dormitory-Style
3,10 LENOX STREET,42.3487,-71.1099,Administrative,21,5.039150630391506,31,0.23995955382816697,1.4761904761904763,
5,635 COMMONWEALTH AVENUE,42.3499,-71.102,Research,79,7.14382337927514,58,0.09042814404145748,0.7341772151898734,
1,595 COMMONWEALTH AVENUE,42.3496,-71.0997,Academic,245,59.592594433399604,610,0.24323507931999838,2.489795918367347,
2,96-100 CUMMINGTON MALL,42.3489,-71.1048,Academic,55,6.828408501814412,47,0.12415288185117113,0.8545454545454545,
2,25 BUICK STREET,42.3519,-71.1152,Administrative,200,17.340558072487646,175,0.08670279036243823,0.875,
15,33 HARRY AGGANIS WAY,42.3532,-71.1178,Residential,50,8.019678565745505,39,0.16039357131491008,0.78,Large Dormitory-Style
E,140 BAY STATE ROAD,42.35,-71.0998,Residential,0,2.746068724519511,12,inf,inf,Large Dormitory-Style
p,1 UNIVERSITY ROAD,42.3512,-71.11,Academic,0,33.06904424500079,314,inf,inf,
s,771 COMMONWEALTH AVENUE,42.351,-71.108,Student Support,0,1.7083818393480792,8,inf,inf,
3,808 COMMONWEALTH AVENUE,42.3501,-71.1117,Academic,185,16.386351218446073,237,0.08857487145105986,1.281081081081081,
8,140 BAY STATE ROAD,42.35,-71.0998,Residential,66,5.661800486618005,22,0.08578485585784856,0.3333333333333333,Large Dormitory-Style
3,147 BAY STATE ROAD,42.3505,-71.1001,Academic,19,4.716825061598029,48,0.24825395061042257,2.526315789473684,
3,640 COMMONWEALTH AVENUE,42.3488,-71.1023,Academic,146,17.340883419535103,142,0.11877317410640481,0.9726027397260274,
7,610 COMMONWEALTH AVENUE,42.349,-71.1015,Research,130,4.195973632638518,24,0.032276720251065524,0.18461538461538463,
19,33 HARRY AGGANIS WAY,42.3532,-71.1178,Residential,50,2.7071387338849338,11,0.05414277467769867,0.22,Large Dormitory-Style
12,33 HARRY AGGANIS WAY,42.3532,-71.1178,Residential,50,5.045854657113613,24,0.10091709314227225,0.48,Large Dormitory-Style
2,985 COMMONWEALTH AVENUE,42.3521,-71.1202,Administrative,127,6.836007014353445,49,0.053826826884672795,0.3858267716535433,
2,775 COMMONWEALTH AVENUE,42.3509,-71.109,Student Support,382,24.895999374902328,538,0.0651727732327286,1.4083769633507854,
9,595 COMMONWEALTH AVENUE,42.3496,-71.0997,Academic,205,13.865262967648654,300,0.06763542911048125,1.4634146341463414,
p,595 COMMONWEALTH AVENUE,42.3496,-71.0997,Academic,0,2.041882876204596,9,inf,inf,
1,140 BAY STATE ROAD,42.35,-71.0998,Residential,115,12.152629947297717,109,0.10567504301998015,0.9478260869565217,Large Dormitory-Style
3,273 BABCOCK STREET,42.3525,-71.1198,Residential,51,9.620662460567823,219,0.18864044040329064,4.294117647058823,Large Dormitory-Style
6,512 BEACON STREET,42.3509,-71.0903,Residential,30,4.363643459256947,29,0.14545478197523157,0.9666666666666667,Large Dormitory-Style
3,771 COMMONWEALTH AVENUE,42.351,-71.108,Student Support,109,32.65491602974055,391,0.29958638559394996,3.5871559633027523,
3,677 BEACON STREET,42.3481,-71.0986,Research,37,4.137031352773515,21,0.11181165818306797,0.5675675675675675,
1,25 BUICK STREET,42.3519,-71.1152,Administrative,171,15.28018882290239,96,0.0893578293736982,0.5614035087719298,
1,881 COMMONWEALTH AVENUE,42.3514,-71.1153,Administrative,103,22.904759386567953,153,0.22237630472396072,1.4854368932038835,
b,775 COMMONWEALTH AVENUE,42.3509,-71.109,Student Support,0,15.038701560140916,129,inf,inf,
1,100 BAY STATE ROAD,42.3498,-71.0979,Student Support,149,45.77516989022478,522,0.307215905303522,3.5033557046979866,
3,575 COMMONWEALTH AVENUE,42.3495,-71.0987,Residential,64,22.360929853181077,120,0.3493895289559543,1.875,Large Dormitory-Style
10,273 BABCOCK STREET,42.3525,-71.1198,Residential,51,3.269568397951719,22,0.06410918427356312,0.43137254901960786,Large Dormitory-Style
1,610 COMMONWEALTH AVENUE,42.349,-71.1015,Research,122,14.669957357322273,154,0.12024555210919896,1.2622950819672132,
5,775 COMMONWEALTH AVENUE,42.3509,-71.109,Student Support,37,4.06989401317674,22,0.10999713549126325,0.5945945945945946,
4,635 COMMONWEALTH AVENUE,42.3499,-71.102,Research,80,9.551468748436172,63,0.11939335935545214,0.7875,
3,881 COMMONWEALTH AVENUE,42.3514,-71.1153,Administrative,70,20.905563144169875,243,0.2986509020595696,3.4714285714285715,
4,575 COMMONWEALTH AVENUE,42.3495,-71.0987,Residential,64,14.409967148081572,72,0.22515573668877456,1.125,Large Dormitory-Style
1,915 COMMONWEALTH AVENUE,42.3518,-71.1165,Student Support,204,80.63353487686182,353,0.3952624258669697,1.7303921568627452,
3,512 BEACON STREET,42.3509,-71.0903,Residential,30,5.507218818226636,28,0.18357396060755451,0.9333333333333333,Large Dormitory-Style
5,595 COMMONWEALTH AVENUE,42.3496,-71.0997,Academic,241,13.735825040499885,88,0.056995124649377116,0.3651452282157676,
2,285 BABCOCK STREET,42.354,-71.1203,Athletic,917,11.527537372147915,402,0.012570924069954106,0.43838604143947657,
1,2 CUMMINGTON MALL,42.3482,-71.1011,Research,64,5.7707258341933265,49,0.09016759115927073,0.765625,
8,24 CUMMINGTON MALL,42.3483,-71.1017,Research,118,6.985161156739595,31,0.0591962809893186,0.2627118644067797,
1,590 COMMONWEALTH AVENUE,42.3484,-71.1002,Research,326,53.01517739495388,481,0.1626232435428033,1.4754601226993864,
2,730 COMMONWEALTH AVENUE,42.3496,-71.1069,Research,99,6.17224358974359,39,0.062345894845894846,0.3939393939393939,
2,8 ST. MARY'S STREET,42.3492,-71.1061,Research,145,39.09770461085458,402,0.2696393421438247,2.7724137931034485,
b,512 BEACON STREET,42.3509,-71.0903,Residential,0,3.9103272067913952,27,inf,inf,Large Dormitory-Style
b,111 CUMMINGTON MALL,42.3491,-71.104,Research,0,18.691062523973915,124,inf,inf,
b,277 BABCOCK STREET,42.3535,-71.1206,Residential,0,10.189284761142247,50,inf,inf,Large Dormitory-Style
b,640 COMMONWEALTH AVENUE,42.3488,-71.1023,Academic,0,10.829180300360768,72,inf,inf,
b,236 BAY STATE ROAD,42.3506,-71.1042,Academic,0,9.9287280015031,72,inf,inf,
b,675 - 725 COMMONWEALTH AVENUE,42.3502,-71.1046,Research,0,28.565046695615965,371,inf,inf,
1,808 COMMONWEALTH AVENUE,42.3501,-71.1117,Academic,320,40.57100838004329,342,0.1267844011876353,1.06875,
5,140 BAY STATE ROAD,42.35,-71.0998,Residential,66,1.7189894975872835,9,0.026045295417989143,0.13636363636363635,Large Dormitory-Style
3,141 BAY STATE ROAD,42.3505,-71.0998,Academic,10,6.239514348785872,47,0.6239514348785872,4.7,
1,53 BAY STATE ROAD,42.3502,-71.0951,Academic,20,7.671224802546269,43,0.38356124012731346,2.15,
3,53 BAY STATE ROAD,42.3502,-71.0951,Academic,16,14.735100537407162,82,0.9209437835879476,5.125,
1,67 BAY STATE ROAD,42.3502,-71.0959,Academic,10,1.4726802457161332,9,0.1472680245716133,0.9,
2,100 BAY STATE ROAD,42.3498,-71.0979,Student Support,139,38.28946581622483,285,0.27546378285053835,2.050359712230216,
8,277 BABCOCK STREET,42.3535,-71.1206,Residential,52,8.522304832713754,43,0.16389047755218758,0.8269230769230769,Large Dormitory-Style
3,704 COMMONWEALTH AVENUE,42.3494,-71.1053,Academic,30,4.823906425252363,69,0.16079688084174543,2.3,
2,640 COMMONWEALTH AVENUE,42.3488,-71.1023,Academic,183,22.721210673989614,196,0.12415962116934215,1.0710382513661203,
4,610 COMMONWEALTH AVENUE,42.349,-71.1015,Research,134,12.187807068519204,47,0.0909537840934269,0.35074626865671643,
2,610 COMMONWEALTH AVENUE,42.349,-71.1015,Research,80,2.1661364439731354,12,0.027076705549664192,0.15,
1,928 COMMONWEALTH AVENUE,42.3509,-71.1175,Academic,43,25.57352214720896,181,0.594733073190906,4.209302325581396,
3,928 COMMONWEALTH AVENUE,42.3509,-71.1175,Academic,69,10.371874044634668,108,0.15031701513963286,1.565217391304348,
2,888 COMMONWEALTH AVENUE,42.3504,-71.1153,Academic,153,16.010062071218556,83,0.10464092857005593,0.5424836601307189,
2,915 COMMONWEALTH AVENUE,42.3518,-71.1165,Student Support,210,21.575636206790314,127,0.1027411247942396,0.6047619047619047,
5,512 BEACON STREET,42.3509,-71.0903,Residential,30,5.475992886781269,29,0.18253309622604227,0.9666666666666667,Large Dormitory-Style
10,512 BEACON STREET,42.3509,-71.0903,Residential,30,2.082309375526006,9,0.06941031251753353,0.3,Large Dormitory-Style
1,820 COMMONWEALTH AVENUE,42.35,-71.1122,Academic,149,10.839427662957075,89,0.07274783666414145,0.5973154362416108,
5,232 BAY STATE ROAD,42.3505,-71.1039,Academic,40,4.558206686930091,42,0.11395516717325227,1.05,
3,619 MEMORIAL DRIVE,42.3532,-71.1078,Athletic,19,6.3349354572919525,71,0.33341765564694487,3.736842105263158,
3,775 COMMONWEALTH AVENUE,42.3509,-71.109,Student Support,144,14.260143810991268,117,0.09902877646521714,0.8125,
2,264-270 BAY STATE ROAD,42.3507,-71.1054,Academic,67,9.252578883495145,64,0.1380981922909723,0.9552238805970149,
2,300 BABCOCK STREET,42.3542,-71.1212,Athletic,183,21.742282507015904,114,0.11881028692358418,0.6229508196721312,
3,2 CUMMINGTON MALL,42.3482,-71.1011,Research,52,9.467382035247299,59,0.18206503913937114,1.1346153846153846,
3,30-38 CUMMINGTON MALL,42.3484,-71.1023,Research,63,4.97048770320967,25,0.07889663020967731,0.3968253968253968,
2,3 - 5 CUMMINGTON MALL,42.3487,-71.1013,Research,127,13.991145218417946,90,0.11016649778281848,0.7086614173228346,
3,3 - 5 CUMMINGTON MALL,42.3487,-71.1013,Research,129,7.007265877287406,40,0.054319890521607794,0.31007751937984496,
1,700 BEACON STREET,42.3485,-71.0994,Academic,49,8.354697178251893,123,0.170504024045957,2.510204081632653,
6,8 ST. MARY'S STREET,42.3492,-71.1061,Research,148,9.993110069464054,44,0.06752101398286522,0.2972972972972973,
5,855 COMMONWEALTH AVENUE,42.3514,-71.1139,Academic,145,8.763582966226139,73,0.06043850321535268,0.503448275862069,
3,540 COMMONWEALTH AVENUE,,,Academic,16,20.448388345220323,339,1.2780242715762702,21.1875,
b,154 BAY STATE ROAD,42.3501,-71.1007,Academic,0,5.948350071736011,46,inf,inf,
b,855 COMMONWEALTH AVENUE,42.3514,-71.1139,Academic,0,25.086742701684628,163,inf,inf,
b,275 BABCOCK STREET,42.3528,-71.1204,Residential,0,6.882367886178862,45,inf,inf,Large Dormitory-Style
l,915 COMMONWEALTH AVENUE,42.3518,-71.1165,Student Support,0,27.75879063071045,187,inf,inf,
p,820 COMMONWEALTH AVENUE,42.35,-71.1122,Academic,0,3.627975886379892,27,inf,inf,
5,808 COMMONWEALTH AVENUE,42.3501,-71.1117,Academic,176,9.977878711413911,86,0.05669249267848813,0.48863636363636365,
3,67 BAY STATE ROAD,42.3502,-71.0959,Academic,10,2.787709497206704,16,0.2787709497206704,1.6,
4,100 BAY STATE ROAD,42.3498,-71.0979,Student Support,94,10.195642669775575,72,0.10846428372101675,0.7659574468085106,
1,575 COMMONWEALTH AVENUE,42.3495,-71.0987,Residential,60,19.55819339895773,190,0.3259698899826288,3.1666666666666665,Large Dormitory-Style
8,610 COMMONWEALTH AVENUE,42.349,-71.1015,Research,137,6.462075554902249,31,0.04716843470731569,0.22627737226277372,
5,610 COMMONWEALTH AVENUE,42.349,-71.1015,Research,137,8.04164711403097,35,0.05869815411701439,0.25547445255474455,
6,610 COMMONWEALTH AVENUE,42.349,-71.1015,Research,134,7.408841541209492,35,0.05528986224783203,0.26119402985074625,
1,704 COMMONWEALTH AVENUE,42.3494,-71.1053,Academic,31,5.258266653812783,48,0.1696215049617027,1.5483870967741935,
1,985 COMMONWEALTH AVENUE,42.3521,-71.1202,Administrative,124,5.929675965498484,36,0.04781996746369745,0.2903225806451613,
2,152 BAY STATE ROAD,,,Academic,15,9.967808930425752,86,0.6645205953617168,5.733333333333333,
4,771 COMMONWEALTH AVENUE,42.351,-71.108,Student Support,30,18.17024929606483,152,0.6056749765354944,5.066666666666666,
1,619 MEMORIAL DRIVE,42.3532,-71.1078,Athletic,71,11.611379050489827,114,0.16354055000689896,1.6056338028169015,
3,138 MOUNTFORT STREET,42.3485,-71.1079,Academic,3,3.285497726124305,27,1.0951659087081016,9.0,
5,765 COMMONWEALTH AVENUE,42.351,-71.1074,Academic,229,19.900283585042537,113,0.08690080168140846,0.49344978165938863,
1,765 COMMONWEALTH AVENUE,42.351,-71.1074,Academic,249,42.59518450667365,274,0.17106499801876968,1.1004016064257027,
4,765 COMMONWEALTH AVENUE,42.351,-71.1074,Academic,228,30.904090085425835,227,0.13554425476063964,0.9956140350877193,
2,120 ASHFORD STREET,42.3544,-71.1223,Administrative,56,10.759735936979919,74,0.19213814173178426,1.3214285714285714,
2,635 COMMONWEALTH AVENUE,42.3499,-71.102,Research,92,15.222450504295853,161,0.16546141852495494,1.75,
1,565 COMMONWEALTH AVENUE,42.3494,-71.0981,Academic,123,39.77710645563801,356,0.323391109395431,2.894308943089431,
1,300 BABCOCK STREET,42.3542,-71.1212,Athletic,244,14.784139289572346,124,0.060590734793329284,0.5081967213114754,
3,44 CUMMINGTON MALL,42.3485,-71.1028,Research,60,5.402473922274532,93,0.09004123203790887,1.55,
4,3 - 5 CUMMINGTON MALL,42.3487,-71.1013,Research,150,7.428996660374619,42,0.04952664440249746,0.28,
2,24 CUMMINGTON MALL,42.3483,-71.1017,Research,86,6.695605573419078,25,0.07785587876068695,0.29069767441860467,
5,590 COMMONWEALTH AVENUE,42.3484,-71.1002,Research,156,9.205445700928676,68,0.05900926731364536,0.4358974358974359,
2,590 COMMONWEALTH AVENUE,42.3484,-71.1002,Research,312,25.03154015506844,204,0.0802292953688091,0.6538461538461539,
1,110-112 CUMMINGTON MALL,42.3491,-71.1055,Academic,70,6.924131067217884,56,0.09891615810311262,0.8,
8,8 ST. MARY'S STREET,42.3492,-71.1061,Research,148,7.747185981069327,41,0.052345851223441396,0.27702702702702703,
1,8 ST. MARY'S STREET,42.3492,-71.1061,Research,136,19.815824031516744,167,0.14570458846703488,1.2279411764705883,
4,1010 COMMONWEALTH AVENUE,42.3513,-71.121,Academic,59,5.834573412698413,56,0.09889107479149853,0.9491525423728814,
2,871 COMMONWEALTH AVENUE,42.3515,-71.1146,Academic,104,25.67102308710922,202,0.24683676045297326,1.9423076923076923,
4,881 COMMONWEALTH AVENUE,42.3514,-71.1153,Administrative,82,20.676975319871445,148,0.25215823560818834,1.8048780487804879,
3,700 COMMONWEALTH AVENUE,42.3493,-71.104,Residential,108,1.4228660924040721,22,0.013174686040778446,0.2037037037037037,Large Dormitory-Style
b,808 COMMONWEALTH AVENUE,42.3501,-71.1117,Academic,0,8.79429402144285,100,inf,inf,
t,675 - 725 COMMONWEALTH AVENUE,42.3502,-71.1046,Research,0,9.155403363883574,177,inf,inf,
r,808 COMMONWEALTH AVENUE,42.3501,-71.1117,Academic,0,2.3612935826174835,17,inf,inf,
2,881 COMMONWEALTH AVENUE,42.3514,-71.1153,Administrative,91,15.794315155725368,188,0.17356390281016887,2.065934065934066,
4,808 COMMONWEALTH AVENUE,42.3501,-71.1117,Academic,197,42.02561190300415,563,0.21332797920306673,2.8578680203045685,
3,128 BAY STATE ROAD,42.35,-71.0991,Academic,7,2.213184476342371,11,0.316169210906053,1.5714285714285714,
5,100 BAY STATE ROAD,42.3498,-71.0979,Student Support,101,11.389095770075432,66,0.1127633244561924,0.6534653465346535,
6,100 BAY STATE ROAD,42.3498,-71.0979,Student Support,92,8.6834662110858,82,0.09438550229441088,0.8913043478260869,
3,100 BAY STATE ROAD,42.3498,-71.0979,Student Support,71,10.557636251214557,65,0.1486991021297825,0.9154929577464789,
9,610 COMMONWEALTH AVENUE,42.349,-71.1015,Research,125,6.049650938854117,29,0.048397207510832936,0.232,
5,704 COMMONWEALTH AVENUE,42.3494,-71.1053,Academic,30,7.308346563846677,130,0.24361155212822258,4.333333333333333,
2,928 COMMONWEALTH AVENUE,42.3509,-71.1175,Academic,109,41.606437125748506,282,0.3817104323463166,2.5871559633027523,
1,910 COMMONWEALTH AVENUE,42.3508,-71.1166,Academic,81,14.030766241336874,148,0.17321933631280093,1.8271604938271604,
1,232 BAY STATE ROAD,42.3505,-71.1039,Academic,34,4.6439734785697375,30,0.1365874552520511,0.8823529411764706,
3,232 BAY STATE ROAD,42.3505,-71.1039,Academic,34,4.886339937434828,38,0.14371588051278905,1.1176470588235294,
3,236 BAY STATE ROAD,42.3506,-71.1042,Academic,29,4.753758686039166,27,0.1639227133116954,0.9310344827586207,
2,213 BAY STATE ROAD,42.3508,-71.1031,Student Support,80,8.441357828491514,76,0.10551697285614392,0.95,
6,771 COMMONWEALTH AVENUE,42.351,-71.108,Student Support,14,9.933775800452192,78,0.7095554143180137,5.571428571428571,
4,775 COMMONWEALTH AVENUE,42.3509,-71.109,Student Support,82,3.9799315198782574,24,0.048535750242417776,0.2926829268292683,
2,765 COMMONWEALTH AVENUE,42.351,-71.1074,Academic,196,38.07496839443742,266,0.19426004282876236,1.3571428571428572,
3,765 COMMONWEALTH AVENUE,42.351,-71.1074,Academic,172,23.853312636703592,143,0.13868205021339297,0.8313953488372093,
6,745 - 755 COMMONWEALTH AVENUE,42.3505,-71.1073,Academic,73,8.442961165048544,61,0.11565700226093896,0.8356164383561644,
5,264-270 BAY STATE ROAD,42.3507,-71.1054,Academic,62,6.143016873348241,34,0.0990809173120684,0.5483870967741935,
2,595 COMMONWEALTH AVENUE,42.3496,-71.0997,Academic,213,72.19832014018974,645,0.3389592494844589,3.028169014084507,
7,595 COMMONWEALTH AVENUE,42.3496,-71.0997,Academic,224,19.078216060364394,124,0.08517060741234105,0.5535714285714286,
3,300 BABCOCK STREET,42.3542,-71.1212,Athletic,199,8.1366281325161,46,0.04088757855535728,0.23115577889447236,
4,44 CUMMINGTON MALL,42.3485,-71.1028,Research,68,4.317645762151439,22,0.06349479061987409,0.3235294117647059,
7,44 CUMMINGTON MALL,42.3485,-71.1028,Research,65,7.258105107327905,47,0.1116631554973524,0.7230769230769231,
5,3 - 5 CUMMINGTON MALL,42.3487,-71.1013,Research,118,6.114603024574669,36,0.05181866969978533,0.3050847457627119,
1,3 - 5 CUMMINGTON MALL,42.3487,-71.1013,Research,131,21.88378774222623,143,0.16705181482615442,1.0916030534351144,
5,24 CUMMINGTON MALL,42.3483,-71.1017,Research,110,6.225253215683837,30,0.05659321105167125,0.2727272727272727,
1,24 CUMMINGTON MALL,42.3483,-71.1017,Research,68,12.068626933431874,77,0.1774798078445864,1.1323529411764706,
4,24 CUMMINGTON MALL,42.3483,-71.1017,Research,116,7.659338401479351,31,0.06602877932309785,0.2672413793103448,
7,24 CUMMINGTON MALL,42.3483,-71.1017,Research,111,6.356399549280837,27,0.057264860804331866,0.24324324324324326,
2,677 BEACON STREET,42.3481,-71.0986,Research,35,3.7015855486313796,22,0.1057595871037537,0.6285714285714286,
2,110-112 CUMMINGTON MALL,42.3491,-71.1055,Academic,69,5.802871120378539,38,0.08409958145476143,0.5507246376811594,
1,730 COMMONWEALTH AVENUE,42.3496,-71.1069,Research,117,8.25041272699985,85,0.0705163480940158,0.7264957264957265,
9,8 ST. MARY'S STREET,42.3492,-71.1061,Research,155,8.353603891947254,109,0.053894218657724216,0.7032258064516129,
7,8 ST. MARY'S STREET,42.3492,-71.1061,Research,144,9.234964353177746,38,0.06413169689706769,0.2638888888888889,
1,111 CUMMINGTON MALL,42.3491,-71.104,Research,0,16.2707610931531,125,inf,inf,
2,750 COMMONWEALTH AVENUE,42.3498,-71.108,Academic,227,36.25577546376112,318,0.15971707252758202,1.4008810572687225,
1,855 COMMONWEALTH AVENUE,42.3514,-71.1139,Academic,243,23.835074717531285,155,0.09808672723263903,0.6378600823045267,
5,881 COMMONWEALTH AVENUE,42.3514,-71.1153,Administrative,92,8.628395936687928,54,0.09378691235530356,0.5869565217391305,
l,925 COMMONWEALTH AVENUE,42.3522,-71.1177,Athletic,0,18.6612064892109,266,inf,inf,
b,735 COMMONWEALTH AVENUE,42.3506,-71.1064,Student Support,0,3.5629555164614226,56,inf,inf,
b,10 LENOX STREET,42.3487,-71.1099,Administrative,0,1.677079107505071,12,inf,inf,
c,925 COMMONWEALTH AVENUE,42.3522,-71.1177,Athletic,0,48.95451776649746,375,inf,inf,
b,44 CUMMINGTON MALL,42.3485,-71.1028,Research,0,3.9234769687964337,26,inf,inf,
m,985 COMMONWEALTH AVENUE,42.3521,-71.1202,Administrative,0,2.63023816701839,12,inf,inf,
b,925 COMMONWEALTH AVENUE,42.3522,-71.1177,Athletic,0,3.336358710376592,26,inf,inf,
b,771 COMMONWEALTH AVENUE,42.351,-71.108,Student Support,0,11.637911781127862,101,inf,inf,
2,128 BAY STATE ROAD,42.35,-71.0991,Academic,8,2.5153846153846153,16,0.3144230769230769,2.0,
9,91 BAY STATE ROAD,42.3503,-71.097,Residential,100,3.903047091412742,21,0.039030470914127424,0.21,Large Dormitory-Style
1,147 BAY STATE ROAD,42.3505,-71.1001,Academic,15,7.957460053953103,37,0.5304973369302068,2.466666666666667,
5,575 COMMONWEALTH AVENUE,42.3495,-71.0987,Residential,64,22.67361909454207,107,0.3542752983522198,1.671875,Large Dormitory-Style
3,925 COMMONWEALTH AVENUE,42.3522,-71.1177,Athletic,29,41.11185557416713,1857,1.4176501922126596,64.03448275862068,
1,226 BAY STATE ROAD,42.3504,-71.1037,Academic,19,9.224156381536705,73,0.48548191481772135,3.8421052631578947,
1,213 BAY STATE ROAD,42.3508,-71.1031,Student Support,30,6.379761672201602,80,0.21265872240672007,2.6666666666666665,
1,10 LENOX STREET,42.3487,-71.1099,Administrative,50,6.6102961338086095,36,0.13220592267617218,0.72,
5,771 COMMONWEALTH AVENUE,42.351,-71.108,Student Support,12,10.30285248573757,91,0.8585710404781309,7.583333333333333,
2,1 UNIVERSITY ROAD,42.3512,-71.11,Academic,117,18.59121087575087,168,0.15889923825428096,1.435897435897436,
4,745 - 755 COMMONWEALTH AVENUE,42.3505,-71.1073,Academic,83,7.742614707730986,58,0.09328451455097574,0.6987951807228916,
3,264-270 BAY STATE ROAD,42.3507,-71.1054,Academic,75,8.030865705676359,53,0.10707820940901812,0.7066666666666667,
5,2 CUMMINGTON MALL,42.3482,-71.1011,Research,51,4.255342977134858,24,0.08343809759087957,0.47058823529411764,
4,110-112 CUMMINGTON MALL,42.3491,-71.1055,Academic,44,4.9149143302180685,25,0.111702598414047,0.5681818181818182,
3,110-112 CUMMINGTON MALL,42.3491,-71.1055,Academic,49,6.554436752674638,60,0.1337640153607069,1.2244897959183674,
1,15 ST. MARY'S STREET,42.3494,-71.1075,Research,138,8.03012111637704,67,0.058189283452007544,0.4855072463768116,
4,8 ST. MARY'S STREET,42.3492,-71.1061,Research,168,5.419963395748275,37,0.03226168687945402,0.22023809523809523,
3,1010 COMMONWEALTH AVENUE,42.3513,-71.121,Academic,59,7.05223259683831,30,0.11952936604810696,0.5084745762711864,
1,871 COMMONWEALTH AVENUE,42.3515,-71.1146,Academic,167,24.78191586232016,343,0.1483947057623962,2.053892215568862,
1,236 BAY STATE ROAD,42.3506,-71.1042,Academic,27,4.749163479923518,25,0.17589494370087103,0.9259259259259259,
b,745 - 755 COMMONWEALTH AVENUE,42.3505,-71.1073,Academic,0,19.151018496839146,179,inf,inf,
b,718 COMMONWEALTH AVENUE,42.3495,-71.1058,Academic,0,4.404966006503104,34,inf,inf,
b,264-270 BAY STATE ROAD,42.3507,-71.1054,Academic,0,5.9176161262050835,40,inf,inf,
2,675 - 725 COMMONWEALTH AVENUE,42.3502,-71.1046,Research,0,32.68295912492804,320,inf,inf,
b,590 COMMONWEALTH AVENUE,42.3484,-71.1002,Research,0,18.099993443052913,164,inf,inf,
b,285 BABCOCK STREET,42.354,-71.1203,Athletic,0,10.666096007669656,308,inf,inf,
b,141 BAY STATE ROAD,42.3505,-71.0998,Academic,0,7.361328538184895,48,inf,inf,
12,273 BABCOCK STREET,42.3525,-71.1198,Residential,51,3.9764960346070657,29,0.07797051048249148,0.5686274509803921,Large Dormitory-Style
2,704 COMMONWEALTH AVENUE,42.3494,-71.1053,Academic,31,5.081055155875299,53,0.16390500502823546,1.7096774193548387,
16,33 HARRY AGGANIS WAY,42.3532,-71.1178,Residential,50,3.2826608278594516,20,0.06565321655718903,0.4,Large Dormitory-Style
3,888 COMMONWEALTH AVENUE,42.3504,-71.1153,Academic,142,9.364089929165383,120,0.06594429527581255,0.8450704225352113,
2,910 COMMONWEALTH AVENUE,42.3508,-71.1166,Academic,82,6.935035734361198,89,0.08457360651659997,1.0853658536585367,
4,213 BAY STATE ROAD,42.3508,-71.1031,Student Support,126,6.827187079407806,55,0.054184024439744495,0.4365079365079365,
5,745 - 755 COMMONWEALTH AVENUE,42.3505,-71.1073,Academic,68,4.084268843854789,29,0.06006277711551161,0.4264705882352941,
1,225 BAY STATE ROAD,42.3509,-71.1036,Student Support,24,4.858662832494608,32,0.20244428468727535,1.3333333333333333,
4,2 CUMMINGTON MALL,42.3482,-71.1011,Research,36,1.8311721991701244,8,0.050865894421392346,0.2222222222222222,
2,30-38 CUMMINGTON MALL,42.3484,-71.1023,Research,60,5.710869036027264,28,0.09518115060045439,0.4666666666666667,
5,44 CUMMINGTON MALL,42.3485,-71.1028,Research,59,4.664638427334426,27,0.07906166825990552,0.4576271186440678,
1,44 CUMMINGTON MALL,42.3485,-71.1028,Research,59,5.750172261049316,26,0.09746054679744602,0.4406779661016949,
6,44 CUMMINGTON MALL,42.3485,-71.1028,Research,67,3.2201090570554594,18,0.048061329209782976,0.26865671641791045,
2,64-86 CUMMINGTON MALL,42.3487,-71.104,Academic,119,11.11960542540074,100,0.09344206239832555,0.8403361344537815,
1,96-100 CUMMINGTON MALL,42.3489,-71.1048,Academic,56,8.61335897625564,66,0.1538099817188507,1.1785714285714286,
9,24 CUMMINGTON MALL,42.3483,-71.1017,Research,105,6.54597995464189,57,0.062342666234684666,0.5428571428571428,
6,24 CUMMINGTON MALL,42.3483,-71.1017,Research,109,6.385363498413574,31,0.0585813164992071,0.28440366972477066,
3,590 COMMONWEALTH AVENUE,42.3484,-71.1002,Research,317,17.324174819420318,197,0.054650393752114564,0.6214511041009464,
2,820 COMMONWEALTH AVENUE,42.35,-71.1122,Academic,48,4.336055116101046,22,0.09033448158543846,0.4583333333333333,
3,125 BAY STATE ROAD,42.3504,-71.099,Administrative,12,2.655287260616153,16,0.22127393838467943,1.3333333333333333,
b,100 BAY STATE ROAD,42.3498,-71.0979,Student Support,0,9.535576432889084,75,inf,inf,
4,675 - 725 COMMONWEALTH AVENUE,42.3502,-71.1046,Research,0,17.445095781429917,156,inf,inf,
b,273 BABCOCK STREET,42.3525,-71.1198,Residential,0,7.40793982448809,54,inf,inf,Large Dormitory-Style
m,765 COMMONWEALTH AVENUE,42.351,-71.1074,Academic,0,5.589795659347633,34,inf,inf,
1,675 - 725 COMMONWEALTH AVENUE,42.3502,-71.1046,Research,0,17.142632076462558,173,inf,inf,
b,226 BAY STATE ROAD,42.3504,-71.1037,Academic,0,6.04161391069469,40,inf,inf,
k,30 HARRY AGGANIS WAY,42.3529,-71.1189,Administrative,0,2.9422778925619837,110,inf,inf,
7,575 COMMONWEALTH AVENUE,42.3495,-71.0987,Residential,64,15.558305765595463,74,0.24309852758742911,1.15625,Large Dormitory-Style
10,33 HARRY AGGANIS WAY,42.3532,-71.1178,Residential,50,2.3116587285152206,13,0.04623317457030441,0.26,Large Dormitory-Style
1,975 COMMONWEALTH AVENUE,42.3521,-71.1197,Administrative,53,9.771535850963968,164,0.1843686009615843,3.0943396226415096,
3,213 BAY STATE ROAD,42.3508,-71.1031,Student Support,41,5.877681518151816,44,0.14335808580858087,1.0731707317073171,
4,595 COMMONWEALTH AVENUE,42.3496,-71.0997,Academic,314,49.82912045395925,415,0.15869146641388296,1.321656050955414,
1,617-621 COMMONWEALTH AVENUE,42.3497,-71.1013,Academic,29,9.715854783264861,83,0.3350294752849952,2.8620689655172415,
1,30-38 CUMMINGTON MALL,42.3484,-71.1023,Research,25,5.529136197440585,37,0.2211654478976234,1.48,
1,48-52 CUMMINGTON MALL,42.3486,-71.1033,Research,52,11.611298332742107,58,0.223294198706579,1.1153846153846154,
2,700 BEACON STREET,42.3485,-71.0994,Academic,41,3.8156901688182723,47,0.09306561387361639,1.146341463414634,
b,617-621 COMMONWEALTH AVENUE,42.3497,-71.1013,Academic,0,2.073485249955838,14,inf,inf,
b,125 BAY STATE ROAD,42.3504,-71.099,Administrative,0,2.1990607878945996,11,inf,inf,
3,675 - 725 COMMONWEALTH AVENUE,42.3502,-71.1046,Research,0,24.609026337293354,211,inf,inf,
b,704 COMMONWEALTH AVENUE,42.3494,-71.1053,Academic,0,3.9249894648124735,30,inf,inf,
b,15 ST. MARY'S STREET,42.3494,-71.1075,Research,0,2.7362579281183934,11,inf,inf,
l,595 COMMONWEALTH AVENUE,42.3496,-71.0997,Academic,0,3.7188788128606762,18,inf,inf,
b,163-179 AMORY STREET,42.3502,-71.1136,Administrative,0,4.899570405727924,22,inf,inf,
6,881 COMMONWEALTH AVENUE,42.3514,-71.1153,Administrative,97,7.220893141945774,40,0.07444219733964715,0.41237113402061853,
2,121 BAY STATE ROAD,42.3504,-71.0988,Administrative,15,4.267686825280369,28,0.28451245501869127,1.8666666666666667,
3,890 COMMONWEALTH AVENUE,42.3505,-71.1156,Academic,129,11.021886166411434,49,0.08544097803419716,0.3798449612403101,
3,185 BAY STATE ROAD,42.3507,-71.1018,Academic,9,2.33748987854251,12,0.25972109761583445,1.3333333333333333,
4,2 SILBER WAY,42.3497,-71.1009,Academic,88,8.761973261127094,74,0.09956787796735335,0.8409090909090909,
3,635 COMMONWEALTH AVENUE,42.3499,-71.102,Research,68,9.426939770044925,69,0.138631467206543,1.0147058823529411,
8,595 COMMONWEALTH AVENUE,42.3496,-71.0997,Academic,197,12.849213117295914,57,0.06522443206749196,0.2893401015228426,
2,44 CUMMINGTON MALL,42.3485,-71.1028,Research,63,8.420480180470513,57,0.13365841556302402,0.9047619047619048,
3,24 CUMMINGTON MALL,42.3483,-71.1017,Research,110,5.914317042606516,29,0.05376651856915015,0.2636363636363636,
5,8 ST. MARY'S STREET,42.3492,-71.1061,Research,156,9.11653519106649,41,0.05843932814786211,0.26282051282051283,
4,116 BAY STATE ROAD,42.35,-71.0985,Academic,2,1.2893081761006289,3,0.6446540880503144,1.5,
b,3 - 5 CUMMINGTON MALL,42.3487,-71.1013,Research,0,3.8656215005599104,30,inf,inf,
b,888 COMMONWEALTH AVENUE,42.3504,-71.1153,Academic,0,15.099580971160956,137,inf,inf,
1,890 COMMONWEALTH AVENUE,42.3505,-71.1156,Academic,72,5.591921852705521,52,0.07766558128757667,0.7222222222222222,
2,116 BAY STATE ROAD,42.35,-71.0985,Academic,6,2.1774891774891776,12,0.3629148629148629,2.0,
7,140 BAY STATE ROAD,42.35,-71.0998,Residential,66,7.0116780908860115,28,0.10623754683160623,0.42424242424242425,Large Dormitory-Style
4,820 COMMONWEALTH AVENUE,42.35,-71.1122,Academic,92,7.047301912568306,45,0.07660110774530768,0.4891304347826087,
6,765 COMMONWEALTH AVENUE,42.351,-71.1074,Academic,143,11.958429561200925,66,0.08362538154685961,0.46153846153846156,
3,225 BAY STATE ROAD,42.3509,-71.1036,Student Support,24,3.2449922958397535,20,0.13520801232665638,0.8333333333333334,
b,64-86 CUMMINGTON MALL,42.3487,-71.104,Academic,0,59.99750651705769,271,inf,inf,
b,575 COMMONWEALTH AVENUE,42.3495,-71.0987,Residential,0,4.2877205363443895,26,inf,inf,Large Dormitory-Style
b,750 COMMONWEALTH AVENUE,42.3498,-71.108,Academic,0,7.883894449499545,58,inf,inf,
b,140 BAY STATE ROAD,42.35,-71.0998,Residential,0,2.686550574286773,37,inf,inf,Large Dormitory-Style
4,141 BAY STATE ROAD,42.3505,-71.0998,Academic,5,1.1771356783919598,3,0.23542713567839196,0.6,
3,610 COMMONWEALTH AVENUE,42.349,-71.1015,Research,126,1.5980827682955343,7,0.012683196573774081,0.05555555555555555,
2,735 COMMONWEALTH AVENUE,42.3506,-71.1064,Student Support,12,3.870991253644315,79,0.3225826044703596,6.583333333333333,
3,745 - 755 COMMONWEALTH AVENUE,42.3505,-71.1073,Academic,85,9.345236749915244,57,0.10994396176370876,0.6705882352941176,
2,602 COMMONWEALTH AVENUE,42.3489,-71.1009,Academic,47,6.856710033862057,182,0.14588744752897992,3.872340425531915,
1,635 COMMONWEALTH AVENUE,42.3499,-71.102,Research,93,23.79779900834442,296,0.2558903119176819,3.182795698924731,
2,100 ASHFORD STREET,42.3546,-71.1236,Athletic,48,23.852264048008728,797,0.4969221676668485,16.604166666666668,
1,64-86 CUMMINGTON MALL,42.3487,-71.104,Academic,119,8.11771886989885,55,0.0682161249571332,0.46218487394957986,
1,750 COMMONWEALTH AVENUE,42.3498,-71.108,Academic,81,9.430664830841858,74,0.11642796087459084,0.9135802469135802,
b,110-112 CUMMINGTON MALL,42.3491,-71.1055,Academic,0,3.6726495726495725,19,inf,inf,
b,635 COMMONWEALTH AVENUE,42.3499,-71.102,Research,0,12.760425909494232,61,inf,inf,
20,33 HARRY AGGANIS WAY,42.3532,-71.1178,Residential,18,2.42873541228238,16,0.1349297451267989,0.8888888888888888,Large Dormitory-Style
1,677 BEACON STREET,42.3481,-71.0986,Research,34,4.546251545464764,20,0.13371328074896363,0.5882352941176471,
2,138 MOUNTFORT STREET,42.3485,-71.1079,Academic,10,2.5394358088658606,19,0.2539435808865861,1.9,
B,775 COMMONWEALTH AVENUE,42.3509,-71.109,Student Support,196,3.6316113161131613,32,0.01852862916384266,0.16326530612244897,
7,765 COMMONWEALTH AVENUE,42.351,-71.1074,Academic,33,5.395544441918618,35,0.16350134672480662,1.0606060606060606,
s,277 BABCOCK STREET,42.3535,-71.1206,Residential,0,6.380056240536448,39,inf,inf,Large Dormitory-Style
2,233 BAY STATE ROAD,42.3509,-71.1039,Academic,60,4.0643798796877,39,0.06773966466146167,0.65,
b,24 CUMMINGTON MALL,42.3483,-71.1017,Research,0,21.26892916827356,180,inf,inf,
b,610 BEACON STREET,42.3497,-71.0945,Residential,0,3.2748084198273353,22,inf,inf,Large Dormitory-Style
5,1010 COMMONWEALTH AVENUE,42.3513,-71.121,Academic,58,4.936046511627907,19,0.08510425020048117,0.3275862068965517,
b,121 BAY STATE ROAD,42.3504,-71.0988,Administrative,0,2.779759519038076,25,inf,inf,
b,67 BAY STATE ROAD,42.3502,-71.0959,Academic,0,2.297192421821502,21,inf,inf,
b,8 ST. MARY'S STREET,42.3492,-71.1061,Research,0,4.907958960055782,37,inf,inf,
3,285 BABCOCK STREET,42.354,-71.1203,Athletic,1138,9.599805932908234,536,0.008435681839110927,0.4710017574692443,
g,152 BAY STATE ROAD,,,Academic,0,5.01978398032296,29,inf,inf,
2,1010 COMMONWEALTH AVENUE,42.3513,-71.121,Academic,58,5.037247415960517,28,0.08684909337862962,0.4827586206896552,
b,128 BAY STATE ROAD,42.35,-71.0991,Academic,0,1.926530612244898,8,inf,inf,
2,111 CUMMINGTON MALL,42.3491,-71.104,Research,168,11.751375305623473,121,0.06994866253347305,0.7202380952380952,
5,871 COMMONWEALTH AVENUE,42.3515,-71.1146,Academic,160,35.82045147196505,282,0.22387782169978157,1.7625,
2,575 COMMONWEALTH AVENUE,42.3495,-71.0987,Residential,65,13.24611334002006,68,0.2037863590772317,1.0461538461538462,Large Dormitory-Style
2,143 BAY STATE ROAD,42.3505,-71.0998,Academic,11,2.6103315029489527,20,0.23730286390445024,1.8181818181818181,
3,1 UNIVERSITY ROAD,42.3512,-71.11,Academic,84,6.502171059274967,41,0.07740679832470199,0.4880952380952381,
4,617-621 COMMONWEALTH AVENUE,42.3497,-71.1013,Academic,30,6.068794459004119,159,0.20229314863347062,5.3,
b,765 COMMONWEALTH AVENUE,42.351,-71.1074,Academic,0,3.173076923076923,13,inf,inf,
1,718 COMMONWEALTH AVENUE,42.3495,-71.1058,Academic,30,2.645136186770428,23,0.08817120622568093,0.7666666666666667,
4,154 BAY STATE ROAD,42.3501,-71.1007,Academic,11,2.37403400309119,18,0.21582127300829,1.6363636363636365,
5,236 BAY STATE ROAD,42.3506,-71.1042,Academic,27,3.4178082191780823,22,0.12658548959918822,0.8148148148148148,
m,808 COMMONWEALTH AVENUE,42.3501,-71.1117,Academic,0,3.245117362479842,20,inf,inf,
3,718 COMMONWEALTH AVENUE,42.3495,-71.1058,Academic,24,2.741014348629067,17,0.11420893119287778,0.7083333333333334,
4,264-270 BAY STATE ROAD,42.3507,-71.1054,Academic,65,3.4266477675407514,20,0.052717657962165404,0.3076923076923077,
p,8 ST. MARY'S STREET,42.3492,-71.1061,Research,0,1.4460294816928199,11,inf,inf,
2,617-621 COMMONWEALTH AVENUE,42.3497,-71.1013,Academic,25,4.120786839986196,26,0.16483147359944783,1.04,
g,771 COMMONWEALTH AVENUE,42.351,-71.108,Student Support,0,33.57813383600377,288,inf,inf,
2,2 SILBER WAY,42.3497,-71.1009,Academic,134,16.44553957558081,105,0.12272790728045381,0.7835820895522388,
3,226 BAY STATE ROAD,42.3504,-71.1037,Academic,23,4.721734641197728,29,0.20529281048685774,1.2608695652173914,
2,48-52 CUMMINGTON MALL,42.3486,-71.1033,Research,42,5.5399545109931765,33,0.13190367883317086,0.7857142857142857,
3,2 SILBER WAY,42.3497,-71.1009,Academic,74,6.067713444553484,40,0.08199612762910113,0.5405405405405406,
5,675 - 725 COMMONWEALTH AVENUE,42.3502,-71.1046,Research,0,10.593677529598438,73,inf,inf,
3,820 COMMONWEALTH AVENUE,42.35,-71.1122,Academic,32,3.274468085106383,14,0.10232712765957447,0.4375,
4,185 BAY STATE ROAD,42.3507,-71.1018,Academic,9,3.532447862052895,15,0.3924942068947661,1.6666666666666667,
2,147 BAY STATE ROAD,42.3505,-71.1001,Academic,30,4.943863839952225,28,0.1647954613317408,0.9333333333333333,
9,765 COMMONWEALTH AVENUE,42.351,-71.1074,Academic,55,3.490784129959388,14,0.06346880236289797,0.2545454545454545,
b,96-100 CUMMINGTON MALL,42.3489,-71.1048,Academic,0,23.324882629107982,109,inf,inf,
b,949 COMMONWEALTH AVENUE,42.3519,-71.1187,Academic,0,2.1661463753035033,12,inf,inf,
3,121 BAY STATE ROAD,42.3504,-71.0988,Administrative,14,2.5972861642839837,18,0.18552044030599885,1.2857142857142858,
2,154 BAY STATE ROAD,42.3501,-71.1007,Academic,12,3.773513385453684,25,0.314459448787807,2.0833333333333335,
1,233 BAY STATE ROAD,42.3509,-71.1039,Academic,62,6.529859719438877,41,0.10532031805546577,0.6612903225806451,
b,213 BAY STATE ROAD,42.3508,-71.1031,Student Support,0,1.9297590770274855,7,inf,inf,
5,718 COMMONWEALTH AVENUE,42.3495,-71.1058,Academic,23,2.9874458227469733,18,0.1298889488150858,0.782608695652174,
1,602 COMMONWEALTH AVENUE,42.3489,-71.1009,Academic,84,15.450755014649538,160,0.18393755969820877,1.9047619047619047,
b,138 MOUNTFORT STREET,42.3485,-71.1079,Academic,0,3.621132793907663,22,inf,inf,
b,881 COMMONWEALTH AVENUE,42.3514,-71.1153,Administrative,0,4.6832078660316485,24,inf,inf,
8,765 COMMONWEALTH AVENUE,42.351,-71.1074,Academic,51,3.6256523801992726,21,0.0710912231411622,0.4117647058823529,
5,2 SILBER WAY,42.3497,-71.1009,Academic,27,2.8875101159967627,18,0.10694481911099121,0.6666666666666666,
b,118 BAY STATE ROAD,42.35,-71.0986,Academic,0,2.3191489361702127,12,inf,inf,
2,565 COMMONWEALTH AVENUE,42.3494,-71.0981,Academic,11,6.346886368499893,31,0.5769896698636267,2.8181818181818183,
2,185 BAY STATE ROAD,42.3507,-71.1018,Academic,9,2.3040841083704002,10,0.25600934537448894,1.1111111111111112,
3,116 BAY STATE ROAD,42.35,-71.0985,Academic,6,2.0572831423895255,11,0.34288052373158756,1.8333333333333333,
5,147 BAY STATE ROAD,42.3505,-71.1001,Academic,13,2.078861409239384,9,0.15991241609533724,0.6923076923076923,
b,185 BAY STATE ROAD,42.3507,-71.1018,Academic,0,2.280204081632653,14,inf,inf,
2,619 MEMORIAL DRIVE,42.3532,-71.1078,Athletic,46,4.321735731039875,20,0.09395077676173642,0.43478260869565216,
b,116 BAY STATE ROAD,42.35,-71.0985,Academic,0,2.057942057942058,25,inf,inf,
3,156 BAY STATE ROAD,42.3502,-71.1007,Academic,6,1.3291492329149233,5,0.2215248721524872,0.8333333333333334,
5,226 BAY STATE ROAD,42.3504,-71.1037,Academic,22,4.689607021743467,25,0.21316395553379397,1.1363636363636365,
m,855 COMMONWEALTH AVENUE,42.3514,-71.1139,Academic,0,1.805111821086262,12,inf,inf,
10,111 CUMMINGTON MALL,42.3491,-71.104,Research,0,1.994718309859155,12,inf,inf,
1,122 BAY STATE ROAD,42.35,-71.0988,Administrative,9,2.253386853988961,15,0.25037631710988456,1.6666666666666667,
2,156 BAY STATE ROAD,42.3502,-71.1007,Academic,7,2.291383528132645,10,0.32734050401894926,1.4285714285714286,
4,143 BAY STATE ROAD,42.3505,-71.0998,Academic,11,2.162227602905569,19,0.1965661457186881,1.7272727272727273,
b,122 BAY STATE ROAD,42.35,-71.0988,Administrative,0,1.3305785123966942,5,inf,inf,
2,122 BAY STATE ROAD,42.35,-71.0988,Administrative,9,1.9738662567255958,22,0.21931847296951065,2.4444444444444446,
b,91 BAY STATE ROAD,42.3503,-71.097,Residential,0,1.4935567010309279,7,inf,inf,Large Dormitory-Style
3,118 BAY STATE ROAD,42.35,-71.0986,Academic,5,1.504201680672269,6,0.30084033613445377,1.2,
2,2 CUMMINGTON MALL,42.3482,-71.1011,Research,38,1.2692307692307692,7,0.033400809716599186,0.18421052631578946,
b,233 BAY STATE ROAD,42.3509,-71.1039,Academic,0,2.2648883374689825,18,inf,inf,
3,32 HARRY AGGANIS WAY,42.3525,-71.1186,Administrative,13,1.6441191317516406,8,0.12647070244243389,0.6153846153846154,
b,677 BEACON STREET,42.3481,-71.0986,Research,0,3.0993630573248407,20,inf,inf,
b,602 COMMONWEALTH AVENUE,42.3489,-71.1009,Academic,0,5.800160192230677,70,inf,inf,
3,152 BAY STATE ROAD,,,Academic,11,2.3148479427549193,18,0.21044072206862904,1.6363636363636365,
s,285 BABCOCK STREET,42.354,-71.1203,Athletic,0,3.0916030534351147,15,inf,inf,
2,118 BAY STATE ROAD,42.35,-71.0986,Academic,6,2.5054945054945055,9,0.4175824175824176,1.5,
b,2 CUMMINGTON MALL,42.3482,-71.1011,Research,0,1.8755102040816327,12,inf,inf,
b,156 BAY STATE ROAD,42.3502,-71.1007,Academic,0,1.7567298105682951,7,inf,inf,
4,152 BAY STATE ROAD,,,Academic,9,1.508424182358771,5,0.16760268692875233,0.5555555555555556,
m,820 COMMONWEALTH AVENUE,42.35,-71.1122,Academic,0,1.7728813559322034,10,inf,inf,
2,225 BAY STATE ROAD,42.3509,-71.1036,Student Support,18,2.8508942457231727,24,0.15838301365128737,1.3333333333333333,
5,53 BAY STATE ROAD,42.3502,-71.0951,Academic,15,3.1045081967213113,16,0.20696721311475408,1.0666666666666667,
1,141 BAY STATE ROAD,42.3505,-71.0998,Academic,11,2.228134353175923,10,0.20255766847053847,0.9090909090909091,
1,285 BABCOCK STREET,42.354,-71.1203,Athletic,80,2.583029197080292,12,0.03228786496350365,0.15,
3,233 BAY STATE ROAD,42.3509,-71.1039,Academic,22,4.192353823088456,24,0.19056153741311163,1.0909090909090908,
3,122 BAY STATE ROAD,42.35,-71.0988,Administrative,9,2.260141093474427,11,0.2511267881638252,1.2222222222222223,
7,2 SILBER WAY,42.3497,-71.1009,Academic,19,2.8624127617148556,13,0.1506533032481503,0.6842105263157895,
1,735 COMMONWEALTH AVENUE,42.3506,-71.1064,Student Support,53,1.2982201235016346,11,0.024494719311351595,0.20754716981132076,
4,121 BAY STATE ROAD,42.3504,-71.0988,Administrative,7,1.520096463022508,6,0.217156637574644,0.8571428571428571,
3,700 BEACON STREET,42.3485,-71.0994,Academic,257,1.6589492430988424,6,0.006455055420618064,0.023346303501945526,
4,700 BEACON STREET,42.3485,-71.0994,Academic,3,1.4898989898989898,5,0.4966329966329966,1.6666666666666667,
r,635 COMMONWEALTH AVENUE,42.3499,-71.102,Research,0,2.0543478260869565,8,inf,inf,
4,156 BAY STATE ROAD,42.3502,-71.1007,Academic,6,1.625,6,0.2708333333333333,1.0,
6,2 SILBER WAY,42.3497,-71.1009,Academic,20,1.7788539144471347,11,0.08894269572235673,0.55,
p,44 CUMMINGTON MALL,42.3485,-71.1028,Research,0,1.2,2,inf,inf,
4,118 BAY STATE ROAD,42.35,-71.0986,Academic,2,1.293103448275862,4,0.646551724137931,2.0,
b,225 BAY STATE ROAD,42.3509,-71.1036,Student Support,0,10.804580479452055,88,inf,inf,
b,30-38 CUMMINGTON MALL,42.3484,-71.1023,Research,0,2.316190476190476,13,inf,inf,
b,143 BAY STATE ROAD,42.3505,-71.0998,Academic,0,3.02465483234714,16,inf,inf,
5,143 BAY STATE ROAD,42.3505,-71.0998,Academic,9,1.2765957446808511,3,0.14184397163120568,0.3333333333333333,
r,820 COMMONWEALTH AVENUE,42.35,-71.1122,Academic,0,1.205128205128205,3,inf,inf,
c,700 COMMONWEALTH AVENUE,42.3493,-71.104,Residential,0,1.8088599752168526,7,inf,inf,Large Dormitory-Style
p,24 CUMMINGTON MALL,42.3483,-71.1017,Research,0,1.0,1,inf,inf,
22,33 HARRY AGGANIS WAY,42.3532,-71.1178,Residential,18,2.0059541530217326,8,0.11144189739009626,0.4444444444444444,Large Dormitory-Style
10,881 COMMONWEALTH AVENUE,42.3514,-71.1153,Administrative,0,2.481094127111826,17,inf,inf,
3,140 BAY STATE ROAD,42.35,-71.0998,Residential,66,7.7536459150070565,30,0.11747948356071297,0.45454545454545453,Large Dormitory-Style
1,925 COMMONWEALTH AVENUE,42.3522,-71.1177,Athletic,0,8.741416309012875,161,inf,inf,
13,275 BABCOCK STREET,42.3528,-71.1204,Residential,53,1.9215572341661824,9,0.03625579687106004,0.16981132075471697,Large Dormitory-Style
9,881 COMMONWEALTH AVENUE,42.3514,-71.1153,Administrative,0,1.4375,3,inf,inf,
11,745 - 755 COMMONWEALTH AVENUE,42.3505,-71.1073,Academic,0,1.4486301369863013,5,inf,inf,
30,91 BAY STATE ROAD,42.3503,-71.097,Residential,0,1.8774410774410775,11,inf,inf,Large Dormitory-Style
30,273 BABCOCK STREET,42.3525,-71.1198,Residential,0,1.536189069423929,6,inf,inf,Large Dormitory-Style
21,91 BAY STATE ROAD,42.3503,-71.097,Residential,0,1.960285132382892,8,inf,inf,Large Dormitory-Style
13,273 BABCOCK STREET,42.3525,-71.1198,Residential,51,2.0479158550837555,7,0.04015521284477952,0.13725490196078433,Large Dormitory-Style
9,140 BAY STATE ROAD,42.35,-71.0998,Residential,66,4.4837991089509925,18,0.0679363501356211,0.2727272727272727,Large Dormitory-Style
10,277 BABCOCK STREET,42.3535,-71.1206,Residential,52,8.9666919000757,29,0.17243638269376346,0.5576923076923077,Large Dormitory-Style
11,273 BABCOCK STREET,42.3525,-71.1198,Residential,51,2.4221204188481678,10,0.04749255723231702,0.19607843137254902,Large Dormitory-Style
20,91 BAY STATE ROAD,42.3503,-71.097,Residential,0,1.8718592964824121,9,inf,inf,Large Dormitory-Style
12,275 BABCOCK STREET,42.3528,-71.1204,Residential,53,1.3346774193548387,7,0.025182592818015825,0.1320754716981132,Large Dormitory-Style
11,275 BABCOCK STREET,42.3528,-71.1204,Residential,53,1.7721631205673758,8,0.0334370400107052,0.1509433962264151,Large Dormitory-Style
21,273 BABCOCK STREET,42.3525,-71.1198,Residential,0,1.2469635627530364,8,inf,inf,Large Dormitory-Style
3,617-621 COMMONWEALTH AVENUE,42.3497,-71.1013,Academic,30,1.2023809523809523,3,0.040079365079365076,0.1,
p,100 BAY STATE ROAD,42.3498,-71.0979,Student Support,0,1.2173913043478262,2,inf,inf,
81,91 BAY STATE ROAD,42.3503,-71.097,Residential,0,1.5,2,inf,inf,Large Dormitory-Style
A,700 COMMONWEALTH AVENUE,42.3493,-71.104,Residential,0,1.5290697674418605,6,inf,inf,Large Dormitory-Style
W,140 BAY STATE ROAD,42.35,-71.0998,Residential,0,3.9939759036144578,12,inf,inf,Large Dormitory-Style
